date,headline_inflation,brent_crude,cbk_rate,kes_usd,m3,forex_reserves,m3_pct_change,month,brent_crude_lag1,brent_crude_lag2,brent_crude_lag3,brent_crude_lag4,brent_crude_lag5,brent_crude_lag6,cbk_rate_lag1,cbk_rate_lag2,cbk_rate_lag3,cbk_rate_lag4,cbk_rate_lag5,cbk_rate_lag6,kes_usd_lag1,kes_usd_lag2,kes_usd_lag3,kes_usd_lag4,kes_usd_lag5,kes_usd_lag6,m3_pct_change_lag1,m3_pct_change_lag2,m3_pct_change_lag3,m3_pct_change_lag4,m3_pct_change_lag5,m3_pct_change_lag6,forex_reserves_lag1,forex_reserves_lag2,forex_reserves_lag3,forex_reserves_lag4,forex_reserves_lag5,forex_reserves_lag6
2009-08-01,0.27294117647058824,0.5044463165777404,0.16326530612244894,0.019187757504414482,0.0,0.0,0.5266271602164336,0.6363636363636364,0.4289057380885519,0.4679397173078723,0.3628194327436114,0.29598427408031447,0.2613498081063371,0.23036600205934657,0.18367346938775508,0.18367346938775508,0.20408163265306123,0.20408163265306123,0.22448979591836737,0.22448979591836737,0.023660977045320775,0.03660977045320779,0.03672748675691584,0.05756327251324311,0.06497939964685118,0.056386109476162516,0.6658552731877896,0.6527451267208018,0.417233902887196,0.6709356754911258,0.48671360678128656,0.4713925185224838,0.0,0.0032120118474083803,0.0,0.0,0.002222919807633117,0.004535124049359074
2009-09-01,0.23647058823529413,0.45885987082280255,0.16326530612244894,0.010241318422601564,0.0005563228798264319,0.0015452011259951826,0.44873848085857904,0.7272727272727273,0.5044463165777404,0.4289057380885519,0.4679397173078723,0.3628194327436114,0.29598427408031447,0.2613498081063371,0.16326530612244894,0.18367346938775508,0.18367346938775508,0.20408163265306123,0.20408163265306123,0.22448979591836737,0.019187757504414482,0.023660977045320775,0.03660977045320779,0.03672748675691584,0.05756327251324311,0.06497939964685118,0.5266271602164336,0.6658552731877896,0.6527451267208018,0.417233902887196,0.6709356754911258,0.48671360678128656,0.002091355775594772,0.0,0.005130131346712752,0.01744591582044991,0.0,0.002222919807633117
2009-10-01,0.22941176470588234,0.5068800898623982,0.16326530612244894,0.005885815185403098,0.004266695510794366,0.008938838845102381,0.6133506567447309,0.8181818181818182,0.45885987082280255,0.5044463165777404,0.4289057380885519,0.4679397173078723,0.3628194327436114,0.29598427408031447,0.16326530612244894,0.16326530612244894,0.18367346938775508,0.18367346938775508,0.20408163265306123,0.20408163265306123,0.010241318422601564,0.019187757504414482,0.023660977045320775,0.03660977045320779,0.03672748675691584,0.05756327251324311,0.44873848085857904,0.5266271602164336,0.6658552731877896,0.6527451267208018,0.417233902887196,0.6709356754911258,0.004095683301885034,0.002091355775594772,0.0019243003749065957,0.022486547327540074,0.01744591582044991,0.0
2009-11-01,0.13411764705882354,0.5431058691378826,0.16326530612244894,0.0,0.007454144052627065,0.016836189422917452,0.5828834880280078,0.9090909090909091,0.5068800898623982,0.45885987082280255,0.5044463165777404,0.4289057380885519,0.4679397173078723,0.3628194327436114,0.16326530612244894,0.16326530612244894,0.16326530612244894,0.18367346938775508,0.18367346938775508,0.20408163265306123,0.005885815185403098,0.010241318422601564,0.019187757504414482,0.023660977045320775,0.03660977045320779,0.03672748675691584,0.6133506567447309,0.44873848085857904,0.5266271602164336,0.6658552731877896,0.6527451267208018,0.417233902887196,0.013686196375243154,0.004095683301885034,0.004011631753798317,0.019336645013002585,0.022486547327540074,0.01744591582044991
2009-12-01,0.15294117647058822,0.5232612562014415,0.10204081632653061,0.008122424955856467,0.011965505123135656,0.015303374678693776,0.6469916129214419,0.9999999999999999,0.5431058691378826,0.5068800898623982,0.45885987082280255,0.5044463165777404,0.4289057380885519,0.4679397173078723,0.16326530612244894,0.16326530612244894,0.16326530612244894,0.16326530612244894,0.18367346938775508,0.18367346938775508,0.0,0.005885815185403098,0.010241318422601564,0.019187757504414482,0.023660977045320775,0.03660977045320779,0.5828834880280078,0.6133506567447309,0.44873848085857904,0.5266271602164336,0.6658552731877896,0.6527451267208018,0.02393009076645669,0.013686196375243154,0.006012102351878268,0.02138756098436878,0.019336645013002585,0.022486547327540074
2010-01-01,0.19000000000000003,0.5396424225404849,0.10204081632653061,0.012360211889346773,0.016162490367313043,0.012972670508689,0.6264458719598888,0.0,0.5232612562014415,0.5431058691378826,0.5068800898623982,0.45885987082280255,0.5044463165777404,0.4289057380885519,0.10204081632653061,0.16326530612244894,0.16326530612244894,0.16326530612244894,0.16326530612244894,0.18367346938775508,0.008122424955856467,0.0,0.005885815185403098,0.010241318422601564,0.019187757504414482,0.023660977045320775,0.6469916129214419,0.5828834880280078,0.6133506567447309,0.44873848085857904,0.5266271602164336,0.6658552731877896,0.02194182999388422,0.02393009076645669,0.01558416039733379,0.02335313154079338,0.02138756098436878,0.019336645013002585
2010-02-01,0.14470588235294116,0.5157727230178789,0.10204081632653061,0.023425544437904677,0.019477902880456588,0.00916179371698947,0.5796899367407694,0.09090909090909091,0.5396424225404849,0.5232612562014415,0.5431058691378826,0.5068800898623982,0.45885987082280255,0.5044463165777404,0.10204081632653061,0.10204081632653061,0.16326530612244894,0.16326530612244894,0.16326530612244894,0.16326530612244894,0.012360211889346773,0.008122424955856467,0.0,0.005885815185403098,0.010241318422601564,0.019187757504414482,0.6264458719598888,0.6469916129214419,0.5828834880280078,0.6133506567447309,0.44873848085857904,0.5266271602164336,0.01891860250265953,0.02194182999388422,0.02580834245872987,0.03275819626735943,0.02335313154079338,0.02138756098436878
2010-03-01,0.0735294117647059,0.5636057287278854,0.10204081632653061,0.02601530311948208,0.024051012877940675,0.010504683940716741,0.6369413784273876,0.1818181818181818,0.5157727230178789,0.5396424225404849,0.5232612562014415,0.5431058691378826,0.5068800898623982,0.45885987082280255,0.10204081632653061,0.10204081632653061,0.10204081632653061,0.16326530612244894,0.16326530612244894,0.16326530612244894,0.023425544437904677,0.012360211889346773,0.008122424955856467,0.0,0.005885815185403098,0.010241318422601564,0.5796899367407694,0.6264458719598888,0.6469916129214419,0.5828834880280078,0.6133506567447309,0.44873848085857904,0.013975397942162793,0.01891860250265953,0.023823907697107405,0.04280400810917939,0.03275819626735943,0.02335313154079338
2010-04-01,0.05529411764705883,0.6191144809510437,0.08163265306122447,0.029546792230723984,0.026943115136975476,0.018635311375228475,0.5541296230490592,0.2727272727272727,0.5636057287278854,0.5157727230178789,0.5396424225404849,0.5232612562014415,0.5431058691378826,0.5068800898623982,0.10204081632653061,0.10204081632653061,0.10204081632653061,0.10204081632653061,0.16326530612244894,0.16326530612244894,0.02601530311948208,0.023425544437904677,0.012360211889346773,0.008122424955856467,0.0,0.005885815185403098,0.6369413784273876,0.5796899367407694,0.6264458719598888,0.6469916129214419,0.5828834880280078,0.6133506567447309,0.01571730182439629,0.013975397942162793,0.020806497803677493,0.04085419362935944,0.04280400810917939,0.03275819626735943
2010-05-01,0.06823529411764703,0.5353365159599364,0.08163265306122447,0.04473219540906426,0.03408987380783454,0.022926160460573802,0.7476243457553047,0.36363636363636365,0.6191144809510437,0.5636057287278854,0.5157727230178789,0.5396424225404849,0.5232612562014415,0.5431058691378826,0.08163265306122447,0.10204081632653061,0.10204081632653061,0.10204081632653061,0.10204081632653061,0.16326530612244894,0.029546792230723984,0.02601530311948208,0.023425544437904677,0.012360211889346773,0.008122424955856467,0.0,0.5541296230490592,0.6369413784273876,0.5796899367407694,0.6264458719598888,0.6469916129214419,0.5828834880280078,0.026263786743961015,0.01571730182439629,0.015872805453569783,0.037889425214926054,0.04085419362935944,0.04280400810917939
2010-06-01,0.04529411764705882,0.5255078161565104,0.08163265306122447,0.07392583872866387,0.04172790538827856,0.03606191832925432,0.7590457928725712,0.4545454545454545,0.5353365159599364,0.6191144809510437,0.5636057287278854,0.5157727230178789,0.5396424225404849,0.5232612562014415,0.08163265306122447,0.08163265306122447,0.10204081632653061,0.10204081632653061,0.10204081632653061,0.10204081632653061,0.04473219540906426,0.029546792230723984,0.02601530311948208,0.023425544437904677,0.012360211889346773,0.008122424955856467,0.7476243457553047,0.5541296230490592,0.6369413784273876,0.5796899367407694,0.6264458719598888,0.6469916129214419,0.03182957801102082,0.026263786743961015,0.017611357389509696,0.03304180564624232,0.037889425214926054,0.04085419362935944
2010-07-01,0.04999999999999999,0.5318730693625386,0.08163265306122447,0.07875220718069464,0.04450117008973786,0.03675245911301567,0.5388071943160451,0.5454545454545454,0.5255078161565104,0.5353365159599364,0.6191144809510437,0.5636057287278854,0.5157727230178789,0.5396424225404849,0.08163265306122447,0.08163265306122447,0.08163265306122447,0.10204081632653061,0.10204081632653061,0.10204081632653061,0.07392583872866387,0.04473219540906426,0.029546792230723984,0.02601530311948208,0.023425544437904677,0.012360211889346773,0.7590457928725712,0.7476243457553047,0.5541296230490592,0.6369413784273876,0.5796899367407694,0.6264458719598888,0.048868370328702726,0.03182957801102082,0.02813754770418969,0.034750026951458346,0.03304180564624232,0.037889425214926054
2010-08-01,0.02941176470588236,0.546850135729664,0.020408163265306145,0.06709829311359627,0.04520351558933025,0.044594070972858946,0.44943758378275633,0.6363636363636364,0.5318730693625386,0.5255078161565104,0.5353365159599364,0.6191144809510437,0.5636057287278854,0.5157727230178789,0.08163265306122447,0.08163265306122447,0.08163265306122447,0.08163265306122447,0.10204081632653061,0.10204081632653061,0.07875220718069464,0.07392583872866387,0.04473219540906426,0.029546792230723984,0.02601530311948208,0.023425544437904677,0.5388071943160451,0.7590457928725712,0.7476243457553047,0.5541296230490592,0.6369413784273876,0.5796899367407694,0.049764091848467695,0.048868370328702726,0.03369262871702772,0.04509257823599838,0.034750026951458346,0.03304180564624232
2010-09-01,0.028823529411764692,0.5533089956004867,0.020408163265306145,0.07263095938787523,0.050402076196210815,0.051365293007948065,0.639766737036541,0.7272727272727273,0.546850135729664,0.5318730693625386,0.5255078161565104,0.5353365159599364,0.6191144809510437,0.5636057287278854,0.020408163265306145,0.08163265306122447,0.08163265306122447,0.08163265306122447,0.08163265306122447,0.10204081632653061,0.06709829311359627,0.07875220718069464,0.07392583872866387,0.04473219540906426,0.029546792230723984,0.02601530311948208,0.44943758378275633,0.5388071943160451,0.7590457928725712,0.7476243457553047,0.5541296230490592,0.6369413784273876,0.05993568584795134,0.049764091848467695,0.05069863328026469,0.05055074577311064,0.04509257823599838,0.034750026951458346
2010-10-01,0.027058823529411774,0.5994570813441916,0.020408163265306145,0.07027663331371392,0.052516103139551185,0.04996563186776809,0.507207198595915,0.8181818181818182,0.5533089956004867,0.546850135729664,0.5318730693625386,0.5255078161565104,0.5353365159599364,0.6191144809510437,0.020408163265306145,0.020408163265306145,0.08163265306122447,0.08163265306122447,0.08163265306122447,0.08163265306122447,0.07263095938787523,0.06709829311359627,0.07875220718069464,0.07392583872866387,0.04473219540906426,0.029546792230723984,0.639766737036541,0.44943758378275633,0.5388071943160451,0.7590457928725712,0.7476243457553047,0.5541296230490592,0.06871884454699212,0.05993568584795134,0.051592631162773406,0.0672600650122952,0.05055074577311064,0.04509257823599838
2010-11-01,0.06588235294117645,0.6237012075259758,0.020408163265306145,0.06733372572101237,0.05335573320320544,0.048858082897699384,0.4540955429572991,0.9090909090909091,0.5994570813441916,0.5533089956004867,0.546850135729664,0.5318730693625386,0.5255078161565104,0.5353365159599364,0.020408163265306145,0.020408163265306145,0.020408163265306145,0.08163265306122447,0.08163265306122447,0.08163265306122447,0.07027663331371392,0.07263095938787523,0.06709829311359627,0.07875220718069464,0.07392583872866387,0.04473219540906426,0.507207198595915,0.639766737036541,0.44943758378275633,0.5388071943160451,0.7590457928725712,0.7476243457553047,0.06690330137688555,0.06871884454699212,0.06174465196011042,0.06813846628300202,0.0672600650122952,0.05055074577311064
2010-12-01,0.10529411764705879,0.6824861930169428,0.020408163265306145,0.06862860506180102,0.055846273257883855,0.045873997089247776,0.5215624220391901,0.9999999999999999,0.6237012075259758,0.5994570813441916,0.5533089956004867,0.546850135729664,0.5318730693625386,0.5255078161565104,0.020408163265306145,0.020408163265306145,0.020408163265306145,0.020408163265306145,0.08163265306122447,0.08163265306122447,0.06733372572101237,0.07027663331371392,0.07263095938787523,0.06709829311359627,0.07875220718069464,0.07392583872866387,0.4540955429572991,0.507207198595915,0.639766737036541,0.44943758378275633,0.5388071943160451,0.7590457928725712,0.06546666581528937,0.06690330137688555,0.07051090922357378,0.07811337578010125,0.06813846628300202,0.0672600650122952
2011-01-01,0.15882352941176467,0.7298511654029767,0.020408163265306145,0.07404355503237203,0.05852866218002073,0.0453083523216824,0.5283087886977881,0.0,0.6824861930169428,0.6237012075259758,0.5994570813441916,0.5533089956004867,0.546850135729664,0.5318730693625386,0.020408163265306145,0.020408163265306145,0.020408163265306145,0.020408163265306145,0.020408163265306145,0.08163265306122447,0.06862860506180102,0.06733372572101237,0.07027663331371392,0.07263095938787523,0.06709829311359627,0.07875220718069464,0.5215624220391901,0.4540955429572991,0.507207198595915,0.639766737036541,0.44943758378275633,0.5388071943160451,0.061595917065452976,0.06546666581528937,0.06869885970387007,0.08672669765728586,0.07811337578010125,0.06813846628300202
2011-02-01,0.22470588235294117,0.7969671440606572,0.0,0.07922307239552684,0.06259535330469945,0.05207750995980959,0.5826370441203524,0.09090909090909091,0.7298511654029767,0.6824861930169428,0.6237012075259758,0.5994570813441916,0.5533089956004867,0.546850135729664,0.020408163265306145,0.020408163265306145,0.020408163265306145,0.020408163265306145,0.020408163265306145,0.020408163265306145,0.07404355503237203,0.06862860506180102,0.06733372572101237,0.07027663331371392,0.07263095938787523,0.06709829311359627,0.5283087886977881,0.5215624220391901,0.4540955429572991,0.507207198595915,0.639766737036541,0.44943758378275633,0.06086220197900871,0.061595917065452976,0.06726498866062375,0.08494626100096536,0.08672669765728586,0.07811337578010125
2011-03-01,0.38058823529411756,0.8988111953571094,0.0,0.11147733961153616,0.06614688750086883,0.05236446113751608,0.5597019698755733,0.1818181818181818,0.7969671440606572,0.7298511654029767,0.6824861930169428,0.6237012075259758,0.5994570813441916,0.5533089956004867,0.0,0.020408163265306145,0.020408163265306145,0.020408163265306145,0.020408163265306145,0.020408163265306145,0.07922307239552684,0.07404355503237203,0.06862860506180102,0.06733372572101237,0.07027663331371392,0.07263095938787523,0.5826370441203524,0.5283087886977881,0.5215624220391901,0.4540955429572991,0.507207198595915,0.639766737036541,0.0696426828857632,0.06086220197900871,0.0634016883940578,0.08353740515123687,0.08494626100096536,0.08672669765728586
2011-04-01,0.5488235294117647,0.981746700365066,0.020408163265306145,0.10771041789287816,0.06813003778766363,0.05891685709464195,0.4967535812775883,0.2727272727272727,0.8988111953571094,0.7969671440606572,0.7298511654029767,0.6824861930169428,0.6237012075259758,0.5994570813441916,0.0,0.0,0.020408163265306145,0.020408163265306145,0.020408163265306145,0.020408163265306145,0.11147733961153616,0.07922307239552684,0.07404355503237203,0.06862860506180102,0.06733372572101237,0.07027663331371392,0.5597019698755733,0.5826370441203524,0.5283087886977881,0.5215624220391901,0.4540955429572991,0.507207198595915,0.07001489601355793,0.0696426828857632,0.06266938519582943,0.07974150369591054,0.08353740515123687,0.08494626100096536
2011-05-01,0.6017647058823529,0.9025554619488907,0.020408163265306145,0.12583872866391999,0.07133282647173239,0.05768854090230108,0.5432473003280109,0.36363636363636365,0.981746700365066,0.8988111953571094,0.7969671440606572,0.7298511654029767,0.6824861930169428,0.6237012075259758,0.020408163265306145,0.0,0.0,0.020408163265306145,0.020408163265306145,0.020408163265306145,0.10771041789287816,0.11147733961153616,0.07922307239552684,0.07404355503237203,0.06862860506180102,0.06733372572101237,0.4967535812775883,0.5597019698755733,0.5826370441203524,0.5283087886977881,0.5215624220391901,0.4540955429572991,0.07851420873025167,0.07001489601355793,0.07143296981988323,0.07902197619763351,0.07974150369591054,0.08353740515123687
2011-06-01,0.691764705882353,0.8912290555087521,0.04081632653061229,0.16845203060623892,0.07703003879079245,0.07722289715444464,0.6368597696986317,0.4545454545454545,0.9025554619488907,0.981746700365066,0.8988111953571094,0.7969671440606572,0.7298511654029767,0.6824861930169428,0.020408163265306145,0.020408163265306145,0.0,0.0,0.020408163265306145,0.020408163265306145,0.12583872866391999,0.10771041789287816,0.11147733961153616,0.07922307239552684,0.07404355503237203,0.06862860506180102,0.5432473003280109,0.4967535812775883,0.5597019698755733,0.5826370441203524,0.5283087886977881,0.5215624220391901,0.07692092231990738,0.07851420873025167,0.0718044666978166,0.08763267206205066,0.07902197619763351,0.07974150369591054
2011-07-01,0.7535294117647058,0.9181877749695777,0.04081632653061229,0.1784579164214244,0.08323794192100209,0.07638062319398231,0.6513038691668742,0.5454545454545454,0.8912290555087521,0.9025554619488907,0.981746700365066,0.8988111953571094,0.7969671440606572,0.7298511654029767,0.04081632653061229,0.020408163265306145,0.020408163265306145,0.0,0.0,0.020408163265306145,0.16845203060623892,0.12583872866391999,0.10771041789287816,0.11147733961153616,0.07922307239552684,0.07404355503237203,0.6368597696986317,0.5432473003280109,0.4967535812775883,0.5597019698755733,0.5826370441203524,0.5283087886977881,0.10225953182895414,0.07692092231990738,0.08028742418386314,0.08799768783672407,0.08763267206205066,0.07902197619763351
2011-08-01,0.8205882352941177,0.8589347561546381,0.04081632653061229,0.2124779281930549,0.08793221962424941,0.08656326120863994,0.5908453019899558,0.6363636363636364,0.9181877749695777,0.8912290555087521,0.9025554619488907,0.981746700365066,0.8988111953571094,0.7969671440606572,0.04081632653061229,0.04081632653061229,0.020408163265306145,0.020408163265306145,0.0,0.0,0.1784579164214244,0.16845203060623892,0.12583872866391999,0.10771041789287816,0.11147733961153616,0.07922307239552684,0.6513038691668742,0.6368597696986317,0.5432473003280109,0.4967535812775883,0.5597019698755733,0.5826370441203524,0.10116699257614664,0.10225953182895414,0.0786972037351556,0.0963326523605606,0.08799768783672407,0.08763267206205066
2011-09-01,0.8588235294117647,0.882617242347655,0.04081632653061229,0.25450264861683336,0.09712096482364413,0.08676660430938882,0.7491581735496707,0.7272727272727273,0.8589347561546381,0.9181877749695777,0.8912290555087521,0.9025554619488907,0.981746700365066,0.8988111953571094,0.04081632653061229,0.04081632653061229,0.04081632653061229,0.020408163265306145,0.020408163265306145,0.0,0.2124779281930549,0.1784579164214244,0.16845203060623892,0.12583872866391999,0.10771041789287816,0.11147733961153616,0.5908453019899558,0.6513038691668742,0.6368597696986317,0.5432473003280109,0.4967535812775883,0.5597019698755733,0.11437520302828647,0.10116699257614664,0.10398705414842452,0.09477017476393718,0.0963326523605606,0.08799768783672407
2011-10-01,0.9523529411764705,0.851165402976692,0.10204081632653061,0.31230135373749257,0.10284109026655047,0.0841892047024349,0.6182153140191419,0.8181818181818182,0.882617242347655,0.8589347561546381,0.9181877749695777,0.8912290555087521,0.9025554619488907,0.981746700365066,0.04081632653061229,0.04081632653061229,0.04081632653061229,0.04081632653061229,0.020408163265306145,0.020408163265306145,0.25450264861683336,0.2124779281930549,0.1784579164214244,0.16845203060623892,0.12583872866391999,0.10771041789287816,0.7491581735496707,0.5908453019899558,0.6513038691668742,0.6368597696986317,0.5432473003280109,0.4967535812775883,0.11463896556848635,0.11437520302828647,0.10289661726931076,0.11961882057578443,0.09477017476393718,0.0963326523605606
2011-11-01,0.9999999999999999,0.8607132827857342,0.8775510204081632,0.22295467922307255,0.09819924089752757,0.05514623604369978,0.26156884274800407,0.9090909090909091,0.851165402976692,0.882617242347655,0.8589347561546381,0.9181877749695777,0.8912290555087521,0.9025554619488907,0.10204081632653061,0.04081632653061229,0.04081632653061229,0.04081632653061229,0.04081632653061229,0.020408163265306145,0.31230135373749257,0.25450264861683336,0.2124779281930549,0.1784579164214244,0.16845203060623892,0.12583872866391999,0.6182153140191419,0.7491581735496707,0.5908453019899558,0.6513038691668742,0.6368597696986317,0.5432473003280109,0.11129574189904962,0.11463896556848635,0.11607941115712572,0.11854740736667119,0.11961882057578443,0.09477017476393718
2011-12-01,0.9535294117647058,0.835907516615183,0.9999999999999999,0.14031783402001174,0.10293740305831095,0.05236446113751608,0.5835068658828593,0.9999999999999999,0.8607132827857342,0.851165402976692,0.882617242347655,0.8589347561546381,0.9181877749695777,0.8912290555087521,0.8775510204081632,0.10204081632653061,0.04081632653061229,0.04081632653061229,0.04081632653061229,0.04081632653061229,0.22295467922307255,0.31230135373749257,0.25450264861683336,0.2124779281930549,0.1784579164214244,0.16845203060623892,0.26156884274800407,0.6182153140191419,0.7491581735496707,0.5908453019899558,0.6513038691668742,0.6368597696986317,0.07362322111933761,0.11129574189904962,0.1163426661389706,0.13150021534204098,0.11854740736667119,0.11961882057578443
2012-01-01,0.9170588235294116,0.861181316109707,0.9999999999999999,0.13655091230135374,0.10130862947507047,0.04328937209292716,0.36416943182908673,0.0,0.835907516615183,0.8607132827857342,0.851165402976692,0.882617242347655,0.8589347561546381,0.9181877749695777,0.9999999999999999,0.8775510204081632,0.10204081632653061,0.04081632653061229,0.04081632653061229,0.04081632653061229,0.14031783402001174,0.22295467922307255,0.31230135373749257,0.25450264861683336,0.2124779281930549,0.1784579164214244,0.5835068658828593,0.26156884274800407,0.6182153140191419,0.7491581735496707,0.5908453019899558,0.6513038691668742,0.07001489601355793,0.07362322111933761,0.11300587583609434,0.13175887759963328,0.13150021534204098,0.11854740736667119
2012-02-01,0.821764705882353,0.9433679677993074,0.9999999999999999,0.09935256032960571,0.10111678060761203,0.061827656810945486,0.4130382124596396,0.09090909090909091,0.861181316109707,0.835907516615183,0.8607132827857342,0.851165402976692,0.882617242347655,0.8589347561546381,0.9999999999999999,0.9999999999999999,0.8775510204081632,0.10204081632653061,0.04081632653061229,0.04081632653061229,0.13655091230135374,0.14031783402001174,0.22295467922307255,0.31230135373749257,0.25450264861683336,0.2124779281930549,0.36416943182908673,0.5835068658828593,0.26156884274800407,0.6182153140191419,0.7491581735496707,0.5908453019899558,0.058243321123014224,0.07001489601355793,0.07540584830224245,0.1284803006594915,0.13175887759963328,0.13150021534204098
2012-03-01,0.758235294117647,1.0,0.9999999999999999,0.09605650382578002,0.1035148914508428,0.08584381886741171,0.5017313732877753,0.1818181818181818,0.9433679677993074,0.861181316109707,0.835907516615183,0.8607132827857342,0.851165402976692,0.882617242347655,0.9999999999999999,0.9999999999999999,0.9999999999999999,0.8775510204081632,0.10204081632653061,0.04081632653061229,0.09935256032960571,0.13655091230135374,0.14031783402001174,0.22295467922307255,0.31230135373749257,0.25450264861683336,0.4130382124596396,0.36416943182908673,0.5835068658828593,0.26156884274800407,0.6182153140191419,0.7491581735496707,0.08228989585392466,0.058243321123014224,0.0718044666978166,0.09153624004084177,0.1284803006594915,0.13175887759963328
2012-04-01,0.6082352941176471,0.948422727698212,0.9999999999999999,0.09947027663331376,0.10723555556964004,0.10822910732396318,0.5459871554281976,0.2727272727272727,1.0,0.9433679677993074,0.861181316109707,0.835907516615183,0.8607132827857342,0.851165402976692,0.9999999999999999,0.9999999999999999,0.9999999999999999,0.9999999999999999,0.8775510204081632,0.10204081632653061,0.09605650382578002,0.09935256032960571,0.13655091230135374,0.14031783402001174,0.22295467922307255,0.31230135373749257,0.5017313732877753,0.4130382124596396,0.36416943182908673,0.5835068658828593,0.26156884274800407,0.6182153140191419,0.11344199241651343,0.08228989585392466,0.06005554385324802,0.08799768783672407,0.09153624004084177,0.1284803006594915
2012-05-01,0.5588235294117647,0.8578114761771038,0.9999999999999999,0.11347851677457321,0.1121455661592703,0.09461440936011783,0.584306573450688,0.36363636363636365,0.948422727698212,1.0,0.9433679677993074,0.861181316109707,0.835907516615183,0.8607132827857342,0.9999999999999999,0.9999999999999999,0.9999999999999999,0.9999999999999999,0.9999999999999999,0.8775510204081632,0.09947027663331376,0.09605650382578002,0.09935256032960571,0.13655091230135374,0.14031783402001174,0.22295467922307255,0.5459871554281976,0.5017313732877753,0.4130382124596396,0.36416943182908673,0.5835068658828593,0.26156884274800407,0.14247863307293074,0.11344199241651343,0.08405584575138852,0.07645373571108277,0.08799768783672407,0.09153624004084177
2012-06-01,0.43117647058823527,0.7164654123373584,0.9999999999999999,0.11830488522660398,0.11864784467719958,0.12648147306275598,0.6341861225056399,0.4545454545454545,0.8578114761771038,0.948422727698212,1.0,0.9433679677993074,0.861181316109707,0.835907516615183,0.9999999999999999,0.9999999999999999,0.9999999999999999,0.9999999999999999,0.9999999999999999,0.9999999999999999,0.11347851677457321,0.09947027663331376,0.09605650382578002,0.09935256032960571,0.13655091230135374,0.14031783402001174,0.584306573450688,0.5459871554281976,0.5017313732877753,0.4130382124596396,0.36416943182908673,0.5835068658828593,0.12481859294482889,0.14247863307293074,0.11514799632288275,0.10003533036264295,0.07645373571108277,0.08799768783672407
2012-07-01,0.2952941176470588,0.7854535242909295,0.9999999999999999,0.11065332548557982,0.12214500874898798,0.11853664135481679,0.5325913102259927,0.5454545454545454,0.7164654123373584,0.8578114761771038,0.948422727698212,1.0,0.9433679677993074,0.861181316109707,0.9999999999999999,0.9999999999999999,0.9999999999999999,0.9999999999999999,0.9999999999999999,0.9999999999999999,0.11830488522660398,0.11347851677457321,0.09947027663331376,0.09605650382578002,0.09935256032960571,0.13655091230135374,0.6341861225056399,0.584306573450688,0.5459871554281976,0.5017313732877753,0.4130382124596396,0.36416943182908673,0.16615433357218962,0.12481859294482889,0.14412876176079886,0.13058504989259012,0.10003533036264295,0.07645373571108277
2012-08-01,0.19823529411764704,0.8868295422634092,0.8775510204081632,0.10994702766333142,0.12712356453114143,0.13798738953000267,0.578656592471732,0.6363636363636364,0.7854535242909295,0.7164654123373584,0.8578114761771038,0.948422727698212,1.0,0.9433679677993074,0.9999999999999999,0.9999999999999999,0.9999999999999999,0.9999999999999999,0.9999999999999999,0.9999999999999999,0.11065332548557982,0.11830488522660398,0.11347851677457321,0.09947027663331376,0.09605650382578002,0.09935256032960571,0.5325913102259927,0.6341861225056399,0.584306573450688,0.5459871554281976,0.5017313732877753,0.4130382124596396,0.15584884995839127,0.16615433357218962,0.1265027048545364,0.15906021933626419,0.13058504989259012,0.10003533036264295
2012-09-01,0.15294117647058822,0.8828980623420386,0.8775510204081632,0.11618599175985878,0.13345574223136458,0.14614175752957642,0.618736338250863,0.7272727272727273,0.8868295422634092,0.7854535242909295,0.7164654123373584,0.8578114761771038,0.948422727698212,1.0,0.8775510204081632,0.9999999999999999,0.9999999999999999,0.9999999999999999,0.9999999999999999,0.9999999999999999,0.10994702766333142,0.11065332548557982,0.11830488522660398,0.11347851677457321,0.09947027663331376,0.09605650382578002,0.578656592471732,0.5325913102259927,0.6341861225056399,0.584306573450688,0.5459871554281976,0.5017313732877753,0.18107900887984318,0.15584884995839127,0.16775890310071084,0.14174166513503483,0.15906021933626419,0.13058504989259012
2012-10-01,0.08352941176470585,0.8713844425723112,0.5918367346938774,0.12207180694526198,0.13960791598408373,0.14793675068796364,0.6093007037276006,0.8181818181818182,0.8828980623420386,0.8868295422634092,0.7854535242909295,0.7164654123373584,0.8578114761771038,0.948422727698212,0.8775510204081632,0.8775510204081632,0.9999999999999999,0.9999999999999999,0.9999999999999999,0.9999999999999999,0.11618599175985878,0.10994702766333142,0.11065332548557982,0.11830488522660398,0.11347851677457321,0.09947027663331376,0.618736338250863,0.578656592471732,0.5325913102259927,0.6341861225056399,0.584306573450688,0.5459871554281976,0.19165628841070026,0.18107900887984318,0.15747325033289417,0.18227811121953474,0.14174166513503483,0.15906021933626419
2012-11-01,0.031176470588235278,0.8471403163905271,0.5918367346938774,0.12819305473808118,0.14691992099725776,0.16134294455865528,0.6408685466845048,0.9090909090909091,0.8713844425723112,0.8828980623420386,0.8868295422634092,0.7854535242909295,0.7164654123373584,0.8578114761771038,0.5918367346938774,0.8775510204081632,0.8775510204081632,0.9999999999999999,0.9999999999999999,0.9999999999999999,0.12207180694526198,0.11618599175985878,0.10994702766333142,0.11065332548557982,0.11830488522660398,0.11347851677457321,0.6093007037276006,0.618736338250863,0.578656592471732,0.5325913102259927,0.6341861225056399,0.584306573450688,0.19398462880363193,0.19165628841070026,0.1826548588500746,0.17217190108406372,0.18227811121953474,0.14174166513503483
2012-12-01,0.028235294117647053,0.8506973696527194,0.4285714285714285,0.13243084167157138,0.14440122498531066,0.16122424173334504,0.3450360592477729,0.9999999999999999,0.8471403163905271,0.8713844425723112,0.8828980623420386,0.8868295422634092,0.7854535242909295,0.7164654123373584,0.5918367346938774,0.5918367346938774,0.8775510204081632,0.8775510204081632,0.9999999999999999,0.9999999999999999,0.12819305473808118,0.12207180694526198,0.11618599175985878,0.10994702766333142,0.11065332548557982,0.11830488522660398,0.6408685466845048,0.6093007037276006,0.618736338250863,0.578656592471732,0.5325913102259927,0.6341861225056399,0.21137421191081818,0.19398462880363193,0.19321178451796495,0.19691419337882993,0.17217190108406372,0.18227811121953474
2013-01-01,0.055882352941176466,0.8823364223532715,0.4285714285714285,0.14314302530900536,0.1473783776531985,0.1416186637860154,0.508406827518796,0.0,0.8506973696527194,0.8471403163905271,0.8713844425723112,0.8828980623420386,0.8868295422634092,0.7854535242909295,0.4285714285714285,0.5918367346938774,0.5918367346938774,0.8775510204081632,0.8775510204081632,0.9999999999999999,0.13243084167157138,0.12819305473808118,0.12207180694526198,0.11618599175985878,0.10994702766333142,0.11065332548557982,0.3450360592477729,0.6408685466845048,0.6093007037276006,0.618736338250863,0.578656592471732,0.5325913102259927,0.21122023885435637,0.21137421191081818,0.1955356444846056,0.20728694381019547,0.19691419337882993,0.17217190108406372
2013-02-01,0.10176470588235295,0.9125713750819058,0.30612244897959184,0.14961742201294892,0.15067087704249577,0.12157027269035442,0.5169491451704562,0.09090909090909091,0.8823364223532715,0.8506973696527194,0.8471403163905271,0.8713844425723112,0.8828980623420386,0.8868295422634092,0.4285714285714285,0.4285714285714285,0.5918367346938774,0.5918367346938774,0.8775510204081632,0.8775510204081632,0.14314302530900536,0.13243084167157138,0.12819305473808118,0.12207180694526198,0.11618599175985878,0.10994702766333142,0.508406827518796,0.3450360592477729,0.6408685466845048,0.6093007037276006,0.618736338250863,0.578656592471732,0.18578924551143244,0.21122023885435637,0.2128917648104992,0.2095702619114796,0.20728694381019547,0.19691419337882993
2013-03-01,0.08176470588235296,0.8411494898436769,0.30612244897959184,0.13042966450853433,0.15202352806548736,0.1380844161872128,0.4592108705852872,0.1818181818181818,0.9125713750819058,0.8823364223532715,0.8506973696527194,0.8471403163905271,0.8713844425723112,0.8828980623420386,0.30612244897959184,0.4285714285714285,0.4285714285714285,0.5918367346938774,0.5918367346938774,0.8775510204081632,0.14961742201294892,0.14314302530900536,0.13243084167157138,0.12819305473808118,0.12207180694526198,0.11618599175985878,0.5169491451704562,0.508406827518796,0.3450360592477729,0.6408685466845048,0.6093007037276006,0.618736338250863,0.15978386572309872,0.18578924551143244,0.21273808804444766,0.2266235888231981,0.2095702619114796,0.20728694381019547
2013-04-01,0.08352941176470585,0.7828325376766826,0.30612244897959184,0.11124190700412007,0.16186801580071936,0.1738459647585081,0.7067227380875946,0.2727272727272727,0.8411494898436769,0.9125713750819058,0.8823364223532715,0.8506973696527194,0.8471403163905271,0.8713844425723112,0.30612244897959184,0.30612244897959184,0.4285714285714285,0.4285714285714285,0.5918367346938774,0.5918367346938774,0.13042966450853433,0.14961742201294892,0.14314302530900536,0.13243084167157138,0.12819305473808118,0.12207180694526198,0.4592108705852872,0.5169491451704562,0.508406827518796,0.3450360592477729,0.6408685466845048,0.6093007037276006,0.181204865117299,0.15978386572309872,0.1873560315715478,0.22647259308907064,0.2266235888231981,0.2095702619114796
2013-05-01,0.07823529411764704,0.7857343442853131,0.30612244897959184,0.11077104178928787,0.165473725942254,0.19775890696687842,0.5218329419329487,0.36363636363636365,0.7828325376766826,0.8411494898436769,0.9125713750819058,0.8823364223532715,0.8506973696527194,0.8471403163905271,0.30612244897959184,0.30612244897959184,0.30612244897959184,0.4285714285714285,0.4285714285714285,0.5918367346938774,0.11124190700412007,0.13042966450853433,0.14961742201294892,0.14314302530900536,0.13243084167157138,0.12819305473808118,0.7067227380875946,0.4592108705852872,0.5169491451704562,0.508406827518796,0.3450360592477729,0.6408685466845048,0.22759226089275125,0.181204865117299,0.16140069394529033,0.20153334983674687,0.22647259308907064,0.2266235888231981
2013-06-01,0.1288235294117647,0.7891041842179163,0.22448979591836737,0.12654502648616828,0.16563334109311517,0.20044571961281393,0.4240837188786879,0.4545454545454545,0.7857343442853131,0.7828325376766826,0.8411494898436769,0.9125713750819058,0.8823364223532715,0.8506973696527194,0.30612244897959184,0.30612244897959184,0.30612244897959184,0.30612244897959184,0.4285714285714285,0.4285714285714285,0.11077104178928787,0.11124190700412007,0.13042966450853433,0.14961742201294892,0.14314302530900536,0.13243084167157138,0.5218329419329487,0.7067227380875946,0.4592108705852872,0.5169491451704562,0.508406827518796,0.3450360592477729,0.2586104678410253,0.22759226089275125,0.18278047290232546,0.17603082684580845,0.20153334983674687,0.22647259308907064
2013-07-01,0.1947058823529412,0.8355330899560047,0.22448979591836737,0.14267216009417316,0.16821398021105344,0.2096126743222082,0.4919978810659173,0.5454545454545454,0.7891041842179163,0.7857343442853131,0.7828325376766826,0.8411494898436769,0.9125713750819058,0.8823364223532715,0.22448979591836737,0.30612244897959184,0.30612244897959184,0.30612244897959184,0.30612244897959184,0.4285714285714285,0.12654502648616828,0.11077104178928787,0.11124190700412007,0.13042966450853433,0.14961742201294892,0.14314302530900536,0.4240837188786879,0.5218329419329487,0.7067227380875946,0.4592108705852872,0.5169491451704562,0.508406827518796,0.2620956145016356,0.2586104678410253,0.22907860539469616,0.1970376159788993,0.17603082684580845,0.20153334983674687
2013-08-01,0.23235294117647057,0.8673593559861461,0.22448979591836737,0.15008828722778111,0.17083772707046513,0.2071756537086647,0.492678510480849,0.6363636363636364,0.8355330899560047,0.7891041842179163,0.7857343442853131,0.7828325376766826,0.8411494898436769,0.9125713750819058,0.22448979591836737,0.22448979591836737,0.30612244897959184,0.30612244897959184,0.30612244897959184,0.30612244897959184,0.14267216009417316,0.12654502648616828,0.11077104178928787,0.11124190700412007,0.13042966450853433,0.14961742201294892,0.4919978810659173,0.4240837188786879,0.5218329419329487,0.7067227380875946,0.4592108705852872,0.5169491451704562,0.2739863511489193,0.2620956145016356,0.26003712399571066,0.24252803514916405,0.1970376159788993,0.17603082684580845
2013-09-01,0.3276470588235294,0.8721332958906673,0.22448979591836737,0.1491465567981165,0.17868993810516692,0.2160649470266811,0.6367119318271244,0.7272727272727273,0.8673593559861461,0.8355330899560047,0.7891041842179163,0.7857343442853131,0.7828325376766826,0.8411494898436769,0.22448979591836737,0.22448979591836737,0.22448979591836737,0.30612244897959184,0.30612244897959184,0.30612244897959184,0.15008828722778111,0.14267216009417316,0.12654502648616828,0.11077104178928787,0.11124190700412007,0.13042966450853433,0.492678510480849,0.4919978810659173,0.4240837188786879,0.5218329419329487,0.7067227380875946,0.4592108705852872,0.2708252173549505,0.2739863511489193,0.26351556418729527,0.27294645404073953,0.24252803514916405,0.1970376159788993
2013-10-01,0.29647058823529404,0.8467658897313488,0.22448979591836737,0.12442613301942318,0.18133057853893986,0.20206317463247625,0.49106540888486194,0.8181818181818182,0.8721332958906673,0.8673593559861461,0.8355330899560047,0.7891041842179163,0.7857343442853131,0.7828325376766826,0.22448979591836737,0.22448979591836737,0.22448979591836737,0.22448979591836737,0.30612244897959184,0.30612244897959184,0.1491465567981165,0.15008828722778111,0.14267216009417316,0.12654502648616828,0.11077104178928787,0.11124190700412007,0.6367119318271244,0.492678510480849,0.4919978810659173,0.4240837188786879,0.5218329419329487,0.7067227380875946,0.2823557909397279,0.2708252173549505,0.27538341948559075,0.2763642096575553,0.27294645404073953,0.24252803514916405
2013-11-01,0.27294117647058824,0.8361883366095666,0.22448979591836737,0.13372572101236013,0.19134885649317523,0.22007090933128182,0.6887975124616101,0.9090909090909091,0.8467658897313488,0.8721332958906673,0.8673593559861461,0.8355330899560047,0.7891041842179163,0.7857343442853131,0.22448979591836737,0.22448979591836737,0.22448979591836737,0.22448979591836737,0.22448979591836737,0.30612244897959184,0.12442613301942318,0.1491465567981165,0.15008828722778111,0.14267216009417316,0.12654502648616828,0.11077104178928787,0.49106540888486194,0.6367119318271244,0.492678510480849,0.4919978810659173,0.4240837188786879,0.5218329419329487,0.2641936647579461,0.2823557909397279,0.27222836866256683,0.28802501935134733,0.2763642096575553,0.27294645404073953
2013-12-01,0.2605882352941177,0.8628662360760087,0.22448979591836737,0.1361977633902296,0.19870202745766624,0.23127129504816474,0.6120095335689383,0.9999999999999999,0.8361883366095666,0.8467658897313488,0.8721332958906673,0.8673593559861461,0.8355330899560047,0.7891041842179163,0.22448979591836737,0.22448979591836737,0.22448979591836737,0.22448979591836737,0.22448979591836737,0.22448979591836737,0.13372572101236013,0.12442613301942318,0.1491465567981165,0.15008828722778111,0.14267216009417316,0.12654502648616828,0.6887975124616101,0.49106540888486194,0.6367119318271244,0.492678510480849,0.4919978810659173,0.4240837188786879,0.2875520468712793,0.2641936647579461,0.2837367539602721,0.2849250112793911,0.28802501935134733,0.2763642096575553
2014-01-01,0.26411764705882357,0.8380604699054572,0.22448979591836737,0.1350206003531489,0.20538333902802136,0.23263689363847312,0.5911313858126641,0.0,0.8628662360760087,0.8361883366095666,0.8467658897313488,0.8721332958906673,0.8673593559861461,0.8355330899560047,0.22448979591836737,0.22448979591836737,0.22448979591836737,0.22448979591836737,0.22448979591836737,0.22448979591836737,0.1361977633902296,0.13372572101236013,0.12442613301942318,0.1491465567981165,0.15008828722778111,0.14267216009417316,0.6120095335689383,0.6887975124616101,0.49106540888486194,0.6367119318271244,0.492678510480849,0.4919978810659173,0.3020804089205615,0.2875520468712793,0.265609577164711,0.2962326222559633,0.2849250112793911,0.28802501935134733
2014-02-01,0.2435294117647059,0.8452681830946362,0.22448979591836737,0.13584461447910545,0.2064171481073218,0.23495521142670633,0.4456974821530538,0.09090909090909091,0.8380604699054572,0.8628662360760087,0.8361883366095666,0.8467658897313488,0.8721332958906673,0.8673593559861461,0.22448979591836737,0.22448979591836737,0.22448979591836737,0.22448979591836737,0.22448979591836737,0.22448979591836737,0.1350206003531489,0.1361977633902296,0.13372572101236013,0.12442613301942318,0.1491465567981165,0.15008828722778111,0.5911313858126641,0.6120095335689383,0.6887975124616101,0.49106540888486194,0.6367119318271244,0.492678510480849,0.3038517685179443,0.3020804089205615,0.28892301073458626,0.27842169066084005,0.2962326222559633,0.2849250112793911
2014-03-01,0.20882352941176466,0.8317888233642237,0.22448979591836737,0.1383166568569747,0.2120178534556057,0.24167172694230465,0.5605985384273104,0.1818181818181818,0.8452681830946362,0.8380604699054572,0.8628662360760087,0.8361883366095666,0.8467658897313488,0.8721332958906673,0.22448979591836737,0.22448979591836737,0.22448979591836737,0.22448979591836737,0.22448979591836737,0.22448979591836737,0.13584461447910545,0.1350206003531489,0.1361977633902296,0.13372572101236013,0.12442613301942318,0.1491465567981165,0.4456974821530538,0.5911313858126641,0.6120095335689383,0.6887975124616101,0.49106540888486194,0.6367119318271244,0.3068589292554513,0.3038517685179443,0.30342341585133037,0.3013284000311696,0.27842169066084005,0.2962326222559633
2014-04-01,0.21705882352941178,0.8352522699616212,0.22448979591836737,0.14102413184226026,0.21911296050830292,0.2514270347858454,0.5957375077102256,0.2727272727272727,0.8317888233642237,0.8452681830946362,0.8380604699054572,0.8628662360760087,0.8361883366095666,0.8467658897313488,0.22448979591836737,0.22448979591836737,0.22448979591836737,0.22448979591836737,0.22448979591836737,0.22448979591836737,0.1383166568569747,0.13584461447910545,0.1350206003531489,0.1361977633902296,0.13372572101236013,0.12442613301942318,0.5605985384273104,0.4456974821530538,0.5911313858126641,0.6120095335689383,0.6887975124616101,0.49106540888486194,0.3155711264589052,0.3068589292554513,0.30519136682077574,0.31557583230088454,0.3013284000311696,0.27842169066084005
2014-05-01,0.26941176470588235,0.8510717963118974,0.22448979591836737,0.1491465567981165,0.22835413404192212,0.23496037241911116,0.6450447279688694,0.36363636363636365,0.8352522699616212,0.8317888233642237,0.8452681830946362,0.8380604699054572,0.8628662360760087,0.8361883366095666,0.22448979591836737,0.22448979591836737,0.22448979591836737,0.22448979591836737,0.22448979591836737,0.22448979591836737,0.14102413184226026,0.1383166568569747,0.13584461447910545,0.1350206003531489,0.1361977633902296,0.13372572101236013,0.5957375077102256,0.5605985384273104,0.4456974821530538,0.5911313858126641,0.6120095335689383,0.6887975124616101,0.3282250339077825,0.3155711264589052,0.3081927408777482,0.31731293974654234,0.31557583230088454,0.3013284000311696
2014-06-01,0.27470588235294113,0.8722269025554619,0.22448979591836737,0.15150088287227792,0.22893744780492337,0.4205961082271296,0.4335206390756623,0.4545454545454545,0.8510717963118974,0.8352522699616212,0.8317888233642237,0.8452681830946362,0.8380604699054572,0.8628662360760087,0.22448979591836737,0.22448979591836737,0.22448979591836737,0.22448979591836737,0.22448979591836737,0.22448979591836737,0.1491465567981165,0.14102413184226026,0.1383166568569747,0.13584461447910545,0.1350206003531489,0.1361977633902296,0.6450447279688694,0.5957375077102256,0.5605985384273104,0.4456974821530538,0.5911313858126641,0.6120095335689383,0.30686562373616694,0.3282250339077825,0.31688817319685725,0.3202619520843711,0.31731293974654234,0.31557583230088454
2014-07-01,0.29117647058823526,0.8259852101469625,0.22448979591836737,0.1533843437316067,0.2365211092609864,0.35883038332504164,0.6002819191839951,0.5454545454545454,0.8722269025554619,0.8510717963118974,0.8352522699616212,0.8317888233642237,0.8452681830946362,0.8380604699054572,0.22448979591836737,0.22448979591836737,0.22448979591836737,0.22448979591836737,0.22448979591836737,0.22448979591836737,0.15150088287227792,0.1491465567981165,0.14102413184226026,0.1383166568569747,0.13584461447910545,0.1350206003531489,0.4335206390756623,0.6450447279688694,0.5957375077102256,0.5605985384273104,0.4456974821530538,0.5911313858126641,0.5476594006003423,0.30686562373616694,0.3295177307268866,0.32880568462321863,0.3202619520843711,0.31731293974654234
2014-08-01,0.33176470588235285,0.7768417111298325,0.22448979591836737,0.15738669805768102,0.24870118219641113,0.3593144844126112,0.7046431079455031,0.6363636363636364,0.8259852101469625,0.8722269025554619,0.8510717963118974,0.8352522699616212,0.8317888233642237,0.8452681830946362,0.22448979591836737,0.22448979591836737,0.22448979591836737,0.22448979591836737,0.22448979591836737,0.22448979591836737,0.1533843437316067,0.15150088287227792,0.1491465567981165,0.14102413184226026,0.1383166568569747,0.13584461447910545,0.6002819191839951,0.4335206390756623,0.6450447279688694,0.5957375077102256,0.5605985384273104,0.4456974821530538,0.4675411942906012,0.5476594006003423,0.3081994224762721,0.34121490795572956,0.32880568462321863,0.3202619520843711
2014-09-01,0.228235294117647,0.7360292052794158,0.22448979591836737,0.16597998822836968,0.2483211738627915,0.3553694218183871,0.41095739812800536,0.7272727272727273,0.7768417111298325,0.8259852101469625,0.8722269025554619,0.8510717963118974,0.8352522699616212,0.8317888233642237,0.22448979591836737,0.22448979591836737,0.22448979591836737,0.22448979591836737,0.22448979591836737,0.22448979591836737,0.15738669805768102,0.1533843437316067,0.15150088287227792,0.1491465567981165,0.14102413184226026,0.1383166568569747,0.7046431079455031,0.6002819191839951,0.4335206390756623,0.6450447279688694,0.5957375077102256,0.5605985384273104,0.4681691365817369,0.4675411942906012,0.5485298397853526,0.3202685171162896,0.34121490795572956,0.32880568462321863
2014-10-01,0.21823529411764706,0.6441074604511842,0.22448979591836737,0.17057092407298424,0.24948352945044977,0.33643270848671863,0.446075125951493,0.8181818181818182,0.7360292052794158,0.7768417111298325,0.8259852101469625,0.8722269025554619,0.8510717963118974,0.8352522699616212,0.22448979591836737,0.22448979591836737,0.22448979591836737,0.22448979591836737,0.22448979591836737,0.22448979591836737,0.16597998822836968,0.15738669805768102,0.1533843437316067,0.15150088287227792,0.1491465567981165,0.14102413184226026,0.41095739812800536,0.7046431079455031,0.6002819191839951,0.4335206390756623,0.6450447279688694,0.5957375077102256,0.4630518755226312,0.4681691365817369,0.4685658049700502,0.5564061501959023,0.3202685171162896,0.34121490795572956
2014-11-01,0.19823529411764704,0.5670691753252832,0.22448979591836737,0.17916421424367268,0.25632581542477556,0.33078761499435544,0.5750165710411952,0.9090909090909091,0.6441074604511842,0.7360292052794158,0.7768417111298325,0.8259852101469625,0.8722269025554619,0.8510717963118974,0.22448979591836737,0.22448979591836737,0.22448979591836737,0.22448979591836737,0.22448979591836737,0.22448979591836737,0.17057092407298424,0.16597998822836968,0.15738669805768102,0.1533843437316067,0.15150088287227792,0.1491465567981165,0.446075125951493,0.41095739812800536,0.7046431079455031,0.6002819191839951,0.4335206390756623,0.6450447279688694,0.4384884868804662,0.4630518755226312,0.4691925389115996,0.4778371612006512,0.5564061501959023,0.3202685171162896
2014-12-01,0.19411764705882348,0.4077506318449874,0.22448979591836737,0.1848145968216599,0.2625989627042423,0.3931107270761612,0.559910353576656,0.9999999999999999,0.5670691753252832,0.6441074604511842,0.7360292052794158,0.7768417111298325,0.8259852101469625,0.8722269025554619,0.22448979591836737,0.22448979591836737,0.22448979591836737,0.22448979591836737,0.22448979591836737,0.22448979591836737,0.17916421424367268,0.17057092407298424,0.16597998822836968,0.15738669805768102,0.1533843437316067,0.15150088287227792,0.5750165710411952,0.446075125951493,0.41095739812800536,0.7046431079455031,0.6002819191839951,0.4335206390756623,0.4311660638735982,0.4384884868804662,0.4640851249998683,0.4784529611946145,0.4778371612006512,0.5564061501959023
2015-01-01,0.16529411764705884,0.27567162781990073,0.22448979591836737,0.1956444967628017,0.2669755635378924,0.3714386877699522,0.5161383514908479,0.0,0.4077506318449874,0.5670691753252832,0.6441074604511842,0.7360292052794158,0.7768417111298325,0.8259852101469625,0.22448979591836737,0.22448979591836737,0.22448979591836737,0.22448979591836737,0.22448979591836737,0.22448979591836737,0.1848145968216599,0.17916421424367268,0.17057092407298424,0.16597998822836968,0.15738669805768102,0.1533843437316067,0.559910353576656,0.5750165710411952,0.446075125951493,0.41095739812800536,0.7046431079455031,0.6002819191839951,0.5120072741006383,0.4311660638735982,0.4395690036956764,0.4734346507960476,0.4784529611946145,0.4778371612006512
2015-02-01,0.17,0.3695591126088178,0.22448979591836737,0.19717480871100634,0.2780109511760827,0.378668205930587,0.6606848870082744,0.09090909090909091,0.27567162781990073,0.4077506318449874,0.5670691753252832,0.6441074604511842,0.7360292052794158,0.7768417111298325,0.22448979591836737,0.22448979591836737,0.22448979591836737,0.22448979591836737,0.22448979591836737,0.22448979591836737,0.1956444967628017,0.1848145968216599,0.17916421424367268,0.17057092407298424,0.16597998822836968,0.15738669805768102,0.5161383514908479,0.559910353576656,0.5750165710411952,0.446075125951493,0.41095739812800536,0.7046431079455031,0.4838958106791353,0.5120072741006383,0.4322606712301458,0.4493462356803725,0.4734346507960476,0.4784529611946145
2015-03-01,0.21117647058823527,0.34887203968922587,0.22448979591836737,0.20000000000000018,0.27620586304663547,0.3733234821961828,0.3810975413348125,0.1818181818181818,0.3695591126088178,0.27567162781990073,0.4077506318449874,0.5670691753252832,0.6441074604511842,0.7360292052794158,0.22448979591836737,0.22448979591836737,0.22448979591836737,0.22448979591836737,0.22448979591836737,0.22448979591836737,0.19717480871100634,0.1956444967628017,0.1848145968216599,0.17916421424367268,0.17057092407298424,0.16597998822836968,0.6606848870082744,0.5161383514908479,0.559910353576656,0.5750165710411952,0.446075125951493,0.41095739812800536,0.49327343926573314,0.4838958106791353,0.5129463186860382,0.4421654037678234,0.4493462356803725,0.4734346507960476
2015-04-01,0.2564705882352941,0.3812599457081345,0.22448979591836737,0.22012948793407894,0.2883280706353976,0.3660402897145381,0.6791966534096288,0.2727272727272727,0.34887203968922587,0.3695591126088178,0.27567162781990073,0.4077506318449874,0.5670691753252832,0.6441074604511842,0.22448979591836737,0.22448979591836737,0.22448979591836737,0.22448979591836737,0.22448979591836737,0.22448979591836737,0.20000000000000018,0.19717480871100634,0.1956444967628017,0.1848145968216599,0.17916421424367268,0.17057092407298424,0.3810975413348125,0.6606848870082744,0.5161383514908479,0.559910353576656,0.5750165710411952,0.446075125951493,0.48634063503652075,0.49327343926573314,0.48488895016413625,0.5214434162102817,0.4421654037678234,0.4493462356803725
2015-05-01,0.24411764705882352,0.425067864831976,0.22448979591836737,0.25485579752795773,0.2956480369882131,0.37092258852947285,0.5723947791691045,0.36363636363636365,0.3812599457081345,0.34887203968922587,0.3695591126088178,0.27567162781990073,0.4077506318449874,0.5670691753252832,0.22448979591836737,0.22448979591836737,0.22448979591836737,0.22448979591836737,0.22448979591836737,0.22448979591836737,0.22012948793407894,0.20000000000000018,0.19717480871100634,0.1956444967628017,0.1848145968216599,0.17916421424367268,0.6791966534096288,0.3810975413348125,0.6606848870082744,0.5161383514908479,0.559910353576656,0.5750165710411952,0.47689338385047925,0.48634063503652075,0.4942485333765292,0.49387553417775626,0.5214434162102817,0.4421654037678234
2015-06-01,0.2535294117647059,0.40119816530937,0.22448979591836737,0.2703943496174219,0.3061006934004491,0.36870955498629737,0.6345026226587563,0.4545454545454545,0.425067864831976,0.3812599457081345,0.34887203968922587,0.3695591126088178,0.27567162781990073,0.4077506318449874,0.22448979591836737,0.22448979591836737,0.22448979591836737,0.22448979591836737,0.22448979591836737,0.22448979591836737,0.25485579752795773,0.22012948793407894,0.20000000000000018,0.19717480871100634,0.1956444967628017,0.1848145968216599,0.5723947791691045,0.6791966534096288,0.3810975413348125,0.6606848870082744,0.5161383514908479,0.559910353576656,0.4832263626075621,0.47689338385047925,0.4873290699450942,0.5030718308893112,0.49387553417775626,0.5214434162102817
2015-07-01,0.22941176470588234,0.35514368623045967,0.346938775510204,0.31147733961153623,0.3050059121102357,0.3612746293279518,0.39756943009269496,0.5454545454545454,0.40119816530937,0.425067864831976,0.3812599457081345,0.34887203968922587,0.3695591126088178,0.27567162781990073,0.22448979591836737,0.22448979591836737,0.22448979591836737,0.22448979591836737,0.22448979591836737,0.22448979591836737,0.2703943496174219,0.25485579752795773,0.22012948793407894,0.20000000000000018,0.19717480871100634,0.1956444967628017,0.6345026226587563,0.5723947791691045,0.6791966534096288,0.3810975413348125,0.6606848870082744,0.5161383514908479,0.4803557692766561,0.4832263626075621,0.47789999810805195,0.49627308383442387,0.5030718308893112,0.49387553417775626
2015-08-01,0.18352941176470586,0.26191144809510436,0.4693877551020408,0.3259564449676282,0.31002330369551834,0.3610155475092312,0.5208119437114819,0.6363636363636364,0.35514368623045967,0.40119816530937,0.425067864831976,0.3812599457081345,0.34887203968922587,0.3695591126088178,0.346938775510204,0.22448979591836737,0.22448979591836737,0.22448979591836737,0.22448979591836737,0.22448979591836737,0.31147733961153623,0.2703943496174219,0.25485579752795773,0.22012948793407894,0.20000000000000018,0.19717480871100634,0.39756943009269496,0.6345026226587563,0.5723947791691045,0.6791966534096288,0.3810975413348125,0.6606848870082744,0.4707117003575721,0.4803557692766561,0.48422079031173815,0.4870085107909155,0.49627308383442387,0.5030718308893112
2015-09-01,0.19117647058823525,0.27145932790414673,0.4693877551020408,0.35950559152442607,0.30739994519413794,0.3316670481001323,0.3672170873163476,0.7272727272727273,0.26191144809510436,0.35514368623045967,0.40119816530937,0.425067864831976,0.3812599457081345,0.34887203968922587,0.4693877551020408,0.346938775510204,0.22448979591836737,0.22448979591836737,0.22448979591836737,0.22448979591836737,0.3259564449676282,0.31147733961153623,0.2703943496174219,0.25485579752795773,0.22012948793407894,0.20000000000000018,0.5208119437114819,0.39756943009269496,0.6345026226587563,0.5723947791691045,0.6791966534096288,0.3810975413348125,0.4703756374256423,0.4707117003575721,0.48135572086465506,0.49321903098589776,0.4870085107909155,0.49627308383442387
2015-10-01,0.2352941176470588,0.27904146775250394,0.4693877551020408,0.33007651559741036,0.3184081477701377,0.3948685610892339,0.6405886054739192,0.8181818181818182,0.27145932790414673,0.26191144809510436,0.35514368623045967,0.40119816530937,0.425067864831976,0.3812599457081345,0.4693877551020408,0.4693877551020408,0.346938775510204,0.22448979591836737,0.22448979591836737,0.22448979591836737,0.35950559152442607,0.3259564449676282,0.31147733961153623,0.2703943496174219,0.25485579752795773,0.22012948793407894,0.3672170873163476,0.5208119437114819,0.39756943009269496,0.6345026226587563,0.5723947791691045,0.6791966534096288,0.43230680338755895,0.4703756374256423,0.4717302100310077,0.4904039452992081,0.49321903098589776,0.4870085107909155
2015-11-01,0.2705882352941177,0.2401010951979781,0.4693877551020408,0.3228958210712185,0.324347307142693,0.3846497961277427,0.5362538874938528,0.9090909090909091,0.27904146775250394,0.27145932790414673,0.26191144809510436,0.35514368623045967,0.40119816530937,0.425067864831976,0.4693877551020408,0.4693877551020408,0.4693877551020408,0.346938775510204,0.22448979591836737,0.22448979591836737,0.33007651559741036,0.35950559152442607,0.3259564449676282,0.31147733961153623,0.2703943496174219,0.25485579752795773,0.6405886054739192,0.3672170873163476,0.5208119437114819,0.39756943009269496,0.6345026226587563,0.5723947791691045,0.5142874142324168,0.43230680338755895,0.47139479378510385,0.4809463603172934,0.4904039452992081,0.49321903098589776
2015-12-01,0.3111764705882353,0.18112889637742205,0.4693877551020408,0.32324896998234265,0.3341490754944828,0.42674285018123864,0.6099002854326203,0.9999999999999999,0.2401010951979781,0.27904146775250394,0.27145932790414673,0.26191144809510436,0.35514368623045967,0.40119816530937,0.4693877551020408,0.4693877551020408,0.4693877551020408,0.4693877551020408,0.346938775510204,0.22448979591836737,0.3228958210712185,0.33007651559741036,0.35950559152442607,0.3259564449676282,0.31147733961153623,0.2703943496174219,0.5362538874938528,0.6405886054739192,0.3672170873163476,0.5208119437114819,0.39756943009269496,0.6345026226587563,0.501032342415267,0.5142874142324168,0.43339921561863226,0.48061679571498045,0.4809463603172934,0.4904039452992081
2016-01-01,0.2976470588235294,0.1156042310212487,0.4693877551020408,0.3245438493231314,0.325457622754158,0.42027096570562755,0.25401309289672414,0.0,0.18112889637742205,0.2401010951979781,0.27904146775250394,0.27145932790414673,0.26191144809510436,0.35514368623045967,0.4693877551020408,0.4693877551020408,0.4693877551020408,0.4693877551020408,0.4693877551020408,0.346938775510204,0.32324896998234265,0.3228958210712185,0.33007651559741036,0.35950559152442607,0.3259564449676282,0.31147733961153623,0.6099002854326203,0.5362538874938528,0.6405886054739192,0.3672170873163476,0.5208119437114819,0.39756943009269496,0.5556325271327796,0.501032342415267,0.5152220711433062,0.4432840852067504,0.48061679571498045,0.4809463603172934
2016-02-01,0.24235294117647058,0.12664981746700363,0.4693877551020408,0.3200706297822249,0.32883342494116763,0.42437705126288133,0.4850026371085271,0.09090909090909091,0.1156042310212487,0.18112889637742205,0.2401010951979781,0.27904146775250394,0.27145932790414673,0.26191144809510436,0.4693877551020408,0.4693877551020408,0.4693877551020408,0.4693877551020408,0.4693877551020408,0.4693877551020408,0.3245438493231314,0.32324896998234265,0.3228958210712185,0.33007651559741036,0.35950559152442607,0.3259564449676282,0.25401309289672414,0.6099002854326203,0.5362538874938528,0.6405886054739192,0.3672170873163476,0.5208119437114819,0.5472376483152512,0.5556325271327796,0.5019925060658235,0.5236794660817521,0.4432840852067504,0.48061679571498045
2016-03-01,0.21941176470588233,0.1834690629972854,0.4693877551020408,0.3148911124190701,0.3357856162383491,0.44676337191791377,0.5534126093860701,0.1818181818181818,0.12664981746700363,0.1156042310212487,0.18112889637742205,0.2401010951979781,0.27904146775250394,0.27145932790414673,0.4693877551020408,0.4693877551020408,0.4693877551020408,0.4693877551020408,0.4693877551020408,0.4693877551020408,0.3200706297822249,0.3245438493231314,0.32324896998234265,0.3228958210712185,0.33007651559741036,0.35950559152442607,0.4850026371085271,0.25401309289672414,0.6099002854326203,0.5362538874938528,0.6405886054739192,0.3672170873163476,0.5525637771726879,0.5472376483152512,0.5564876236274142,0.5106807028829523,0.5236794660817521,0.4432840852067504
2016-04-01,0.15,0.2149209023682486,0.4693877551020408,0.3118304885226604,0.3414997221317704,0.4715351032624417,0.5281320143640715,0.2727272727272727,0.1834690629972854,0.12664981746700363,0.1156042310212487,0.18112889637742205,0.2401010951979781,0.27904146775250394,0.4693877551020408,0.4693877551020408,0.4693877551020408,0.4693877551020408,0.4693877551020408,0.4693877551020408,0.3148911124190701,0.3200706297822249,0.3245438493231314,0.32324896998234265,0.3228958210712185,0.33007651559741036,0.5534126093860701,0.4850026371085271,0.25401309289672414,0.6099002854326203,0.5362538874938528,0.6405886054739192,0.5816017567252483,0.5525637771726879,0.5481088990783418,0.564225103210938,0.5106807028829523,0.5236794660817521
2016-05-01,0.13411764705882354,0.2642516147149677,0.4693877551020408,0.3059446733372573,0.34474212333503096,0.47140194965839805,0.48052623279026807,0.36363636363636365,0.2149209023682486,0.1834690629972854,0.12664981746700363,0.1156042310212487,0.18112889637742205,0.2401010951979781,0.4693877551020408,0.4693877551020408,0.4693877551020408,0.4693877551020408,0.4693877551020408,0.4693877551020408,0.3118304885226604,0.3148911124190701,0.3200706297822249,0.3245438493231314,0.32324896998234265,0.3228958210712185,0.5281320143640715,0.5534126093860701,0.4850026371085271,0.25401309289672414,0.6099002854326203,0.5362538874938528,0.6137339252646203,0.5816017567252483,0.5534247788640212,0.5559925531850314,0.564225103210938,0.5106807028829523
2016-06-01,0.1811764705882353,0.27735654778620233,0.3877551020408163,0.310888758092996,0.3540147538691849,0.5023018433843778,0.5927751760473153,0.4545454545454545,0.2642516147149677,0.2149209023682486,0.1834690629972854,0.12664981746700363,0.1156042310212487,0.18112889637742205,0.4693877551020408,0.4693877551020408,0.4693877551020408,0.4693877551020408,0.4693877551020408,0.4693877551020408,0.3059446733372573,0.3118304885226604,0.3148911124190701,0.3200706297822249,0.3245438493231314,0.32324896998234265,0.48052623279026807,0.5281320143640715,0.5534126093860701,0.4850026371085271,0.25401309289672414,0.6099002854326203,0.6135612076621544,0.6137339252646203,0.5824068806216421,0.5612156925794582,0.5559925531850314,0.564225103210938
2016-07-01,0.2164705882352941,0.24646634840400636,0.3877551020408163,0.3130076515597411,0.34670857422648027,0.49056574665587743,0.2854785667041856,0.5454545454545454,0.27735654778620233,0.2642516147149677,0.2149209023682486,0.1834690629972854,0.12664981746700363,0.1156042310212487,0.3877551020408163,0.4693877551020408,0.4693877551020408,0.4693877551020408,0.4693877551020408,0.4693877551020408,0.310888758092996,0.3059446733372573,0.3118304885226604,0.3148911124190701,0.3200706297822249,0.3245438493231314,0.5927751760473153,0.48052623279026807,0.5281320143640715,0.5534126093860701,0.4850026371085271,0.25401309289672414,0.6536424026033869,0.6135612076621544,0.6144772172170473,0.5896921750295161,0.5612156925794582,0.5559925531850314
2016-08-01,0.20823529411764705,0.25479734157071987,0.3877551020408163,0.3139493819894055,0.3513935313369766,0.48878210768078073,0.5067781149194589,0.6363636363636364,0.24646634840400636,0.27735654778620233,0.2642516147149677,0.2149209023682486,0.1834690629972854,0.12664981746700363,0.3877551020408163,0.3877551020408163,0.4693877551020408,0.4693877551020408,0.4693877551020408,0.4693877551020408,0.3130076515597411,0.310888758092996,0.3059446733372573,0.3118304885226604,0.3148911124190701,0.3200706297822249,0.2854785667041856,0.5927751760473153,0.48052623279026807,0.5281320143640715,0.5534126093860701,0.4850026371085271,0.6384191534558115,0.6536424026033869,0.6143048319751285,0.6212030152323442,0.5896921750295161,0.5612156925794582
2016-09-01,0.21294117647058822,0.2616306281007208,0.3877551020408163,0.31230135373749257,0.3547233130972779,0.49466770341920724,0.4810269804795375,0.7272727272727273,0.25479734157071987,0.24646634840400636,0.27735654778620233,0.2642516147149677,0.2149209023682486,0.1834690629972854,0.3877551020408163,0.3877551020408163,0.3877551020408163,0.4693877551020408,0.4693877551020408,0.4693877551020408,0.3139493819894055,0.3130076515597411,0.310888758092996,0.3059446733372573,0.3118304885226604,0.3148911124190701,0.5067781149194589,0.2854785667041856,0.5927751760473153,0.48052623279026807,0.5281320143640715,0.5534126093860701,0.6361055409204546,0.6384191534558115,0.6543088986579089,0.6210336374088445,0.6212030152323442,0.5896921750295161
2016-10-01,0.2205882352941176,0.2892445942151082,0.346938775510204,0.3128899352560328,0.35262171361093886,0.48551623168702746,0.38107338865694057,0.8181818181818182,0.2616306281007208,0.25479734157071987,0.24646634840400636,0.27735654778620233,0.2642516147149677,0.2149209023682486,0.3877551020408163,0.3877551020408163,0.3877551020408163,0.3877551020408163,0.4693877551020408,0.4693877551020408,0.31230135373749257,0.3139493819894055,0.3130076515597411,0.310888758092996,0.3059446733372573,0.3118304885226604,0.4810269804795375,0.5067781149194589,0.2854785667041856,0.5927751760473153,0.48052623279026807,0.5281320143640715,0.6437399267286756,0.6361055409204546,0.6391149436143756,0.6603397965118016,0.6210336374088445,0.6212030152323442
2016-11-01,0.23294117647058823,0.24440700177852662,0.346938775510204,0.3179517363154798,0.3556885769840553,0.4510862191561688,0.4760492560158971,0.9090909090909091,0.2892445942151082,0.2616306281007208,0.25479734157071987,0.24646634840400636,0.27735654778620233,0.2642516147149677,0.346938775510204,0.3877551020408163,0.3877551020408163,0.3877551020408163,0.3877551020408163,0.4693877551020408,0.3128899352560328,0.31230135373749257,0.3139493819894055,0.3130076515597411,0.310888758092996,0.3059446733372573,0.38107338865694057,0.4810269804795375,0.5067781149194589,0.2854785667041856,0.5927751760473153,0.48052623279026807,0.6318692735235392,0.6437399267286756,0.6368057831644877,0.6454109139289375,0.6603397965118016,0.6210336374088445
2016-12-01,0.21352941176470583,0.32565758682018153,0.346938775510204,0.3224249558563861,0.34988864532497155,0.42695228552386183,0.31345594313975983,0.9999999999999999,0.24440700177852662,0.2892445942151082,0.2616306281007208,0.25479734157071987,0.24646634840400636,0.27735654778620233,0.346938775510204,0.346938775510204,0.3877551020408163,0.3877551020408163,0.3877551020408163,0.3877551020408163,0.3179517363154798,0.3128899352560328,0.31230135373749257,0.3139493819894055,0.3130076515597411,0.310888758092996,0.4760492560158971,0.38107338865694057,0.4810269804795375,0.5067781149194589,0.2854785667041856,0.5927751760473153,0.5872090537727457,0.6318692735235392,0.6444254781212359,0.6431420388978741,0.6454109139289375,0.6603397965118016
2017-01-01,0.25117647058823533,0.3367967799307311,0.346938775510204,0.3414949970570924,0.3488578850503957,0.43110446390428286,0.400537247668306,0.0,0.32565758682018153,0.24440700177852662,0.2892445942151082,0.2616306281007208,0.25479734157071987,0.24646634840400636,0.346938775510204,0.346938775510204,0.346938775510204,0.3877551020408163,0.3877551020408163,0.3877551020408163,0.3224249558563861,0.3179517363154798,0.3128899352560328,0.31230135373749257,0.3139493819894055,0.3130076515597411,0.31345594313975983,0.4760492560158971,0.38107338865694057,0.4810269804795375,0.5067781149194589,0.2854785667041856,0.5559041921057954,0.5872090537727457,0.6325776676185124,0.6506288012978294,0.6431420388978741,0.6454109139289375
2017-02-01,0.3717647058823529,0.3393241598801835,0.346938775510204,0.34020011771630365,0.353136568591079,0.4331314617347389,0.4989015743478303,0.09090909090909091,0.3367967799307311,0.32565758682018153,0.24440700177852662,0.2892445942151082,0.2616306281007208,0.25479734157071987,0.346938775510204,0.346938775510204,0.346938775510204,0.346938775510204,0.3877551020408163,0.3877551020408163,0.3414949970570924,0.3224249558563861,0.3179517363154798,0.3128899352560328,0.31230135373749257,0.3139493819894055,0.400537247668306,0.31345594313975983,0.4760492560158971,0.38107338865694057,0.4810269804795375,0.5067781149194589,0.5612901093705043,0.5559041921057954,0.5880033875453289,0.638987686699793,0.6506288012978294,0.6431420388978741
2017-03-01,0.44470588235294106,0.3086211738275766,0.346938775510204,0.3309005297233667,0.3655356618636215,0.5056481210337276,0.6475916894628287,0.1818181818181818,0.3393241598801835,0.3367967799307311,0.32565758682018153,0.24440700177852662,0.2892445942151082,0.2616306281007208,0.346938775510204,0.346938775510204,0.346938775510204,0.346938775510204,0.346938775510204,0.3877551020408163,0.34020011771630365,0.3414949970570924,0.3224249558563861,0.3179517363154798,0.3128899352560328,0.31230135373749257,0.4989015743478303,0.400537247668306,0.31345594313975983,0.4760492560158971,0.38107338865694057,0.4810269804795375,0.5639193901022908,0.5612901093705043,0.5567587658354207,0.5951910457645235,0.638987686699793,0.6506288012978294
2017-04-01,0.5152941176470588,0.31657774033511177,0.346938775510204,0.3365509123013537,0.37499830938040035,0.5690925884628237,0.589722094767421,0.2727272727272727,0.3086211738275766,0.3393241598801835,0.3367967799307311,0.32565758682018153,0.24440700177852662,0.2892445942151082,0.346938775510204,0.346938775510204,0.346938775510204,0.346938775510204,0.346938775510204,0.346938775510204,0.3309005297233667,0.34020011771630365,0.3414949970570924,0.3224249558563861,0.3179517363154798,0.3128899352560328,0.6475916894628287,0.4989015743478303,0.400537247668306,0.31345594313975983,0.4760492560158971,0.38107338865694057,0.6579829614409181,0.5639193901022908,0.562134318977518,0.5644915150948082,0.5951910457645235,0.638987686699793
2017-05-01,0.528235294117647,0.29682673406346527,0.346938775510204,0.33572689817539736,0.3764523977735543,0.560563815030606,0.4453084765806117,0.36363636363636365,0.31657774033511177,0.3086211738275766,0.3393241598801835,0.3367967799307311,0.32565758682018153,0.24440700177852662,0.346938775510204,0.346938775510204,0.346938775510204,0.346938775510204,0.346938775510204,0.346938775510204,0.3365509123013537,0.3309005297233667,0.34020011771630365,0.3414949970570924,0.3224249558563861,0.3179517363154798,0.589722094767421,0.6475916894628287,0.4989015743478303,0.400537247668306,0.31345594313975983,0.4760492560158971,0.7402787159026962,0.6579829614409181,0.5647585401834063,0.5697732867893002,0.5644915150948082,0.5951910457645235
2017-06-01,0.381764705882353,0.25975849480483004,0.346938775510204,0.3384343731606827,0.38289612491035874,0.547473728538453,0.5332200920648802,0.4545454545454545,0.29682673406346527,0.31657774033511177,0.3086211738275766,0.3393241598801835,0.3367967799307311,0.32565758682018153,0.346938775510204,0.346938775510204,0.346938775510204,0.346938775510204,0.346938775510204,0.346938775510204,0.33572689817539736,0.3365509123013537,0.3309005297233667,0.34020011771630365,0.3414949970570924,0.3224249558563861,0.4453084765806117,0.589722094767421,0.6475916894628287,0.4989015743478303,0.400537247668306,0.31345594313975983,0.7292157836616411,0.7402787159026962,0.6586411049564417,0.5723517260529363,0.5697732867893002,0.5644915150948082
2017-07-01,0.27941176470588236,0.27950950107647665,0.346938775510204,0.34302530900529726,0.3871348291276897,0.5137049747655289,0.493502022071459,0.5454545454545454,0.25975849480483004,0.29682673406346527,0.31657774033511177,0.3086211738275766,0.3393241598801835,0.3367967799307311,0.346938775510204,0.346938775510204,0.346938775510204,0.346938775510204,0.346938775510204,0.346938775510204,0.3384343731606827,0.33572689817539736,0.3365509123013537,0.3309005297233667,0.34020011771630365,0.3414949970570924,0.5332200920648802,0.4453084765806117,0.589722094767421,0.6475916894628287,0.4989015743478303,0.400537247668306,0.7122362330799361,0.7292157836616411,0.7407784976670561,0.6645964235039332,0.5723517260529363,0.5697732867893002
2017-08-01,0.31294117647058817,0.30965084714031643,0.346938775510204,0.33925838728663926,0.3888928115639103,0.49175274311726674,0.45002822623840083,0.6363636363636364,0.27950950107647665,0.25975849480483004,0.29682673406346527,0.31657774033511177,0.3086211738275766,0.3393241598801835,0.346938775510204,0.346938775510204,0.346938775510204,0.346938775510204,0.346938775510204,0.346938775510204,0.34302530900529726,0.3384343731606827,0.33572689817539736,0.3365509123013537,0.3309005297233667,0.34020011771630365,0.493502022071459,0.5332200920648802,0.4453084765806117,0.589722094767421,0.6475916894628287,0.4989015743478303,0.6684337522397812,0.7122362330799361,0.7297368538306598,0.745300854175607,0.6645964235039332,0.5723517260529363
2017-09-01,0.2552941176470588,0.35130581297388375,0.346938775510204,0.33407886992348446,0.3926531192705418,0.5023725019120728,0.4844837761227333,0.7272727272727273,0.30965084714031643,0.27950950107647665,0.25975849480483004,0.29682673406346527,0.31657774033511177,0.3086211738275766,0.346938775510204,0.346938775510204,0.346938775510204,0.346938775510204,0.346938775510204,0.346938775510204,0.33925838728663926,0.34302530900529726,0.3384343731606827,0.33572689817539736,0.3365509123013537,0.3309005297233667,0.45002822623840083,0.493502022071459,0.5332200920648802,0.4453084765806117,0.589722094767421,0.6475916894628287,0.6399588427824288,0.6684337522397812,0.712789977004505,0.7344518419280999,0.745300854175607,0.6645964235039332
2017-10-01,0.17647058823529407,0.3640363193859403,0.346938775510204,0.3372572101236022,0.39149634749465756,0.4557688042866533,0.39977391756397773,0.8181818181818182,0.35130581297388375,0.30965084714031643,0.27950950107647665,0.25975849480483004,0.29682673406346527,0.31657774033511177,0.346938775510204,0.346938775510204,0.346938775510204,0.346938775510204,0.346938775510204,0.346938775510204,0.33407886992348446,0.33925838728663926,0.34302530900529726,0.3384343731606827,0.33572689817539736,0.3365509123013537,0.4844837761227333,0.45002822623840083,0.493502022071459,0.5332200920648802,0.4453084765806117,0.589722094767421,0.6537340559355282,0.6399588427824288,0.6690717852946526,0.7178006188884738,0.7344518419280999,0.745300854175607
2017-11-01,0.11823529411764708,0.41271178507909767,0.346938775510204,0.3393761035903471,0.39437241522729627,0.44138033947874683,0.4690054877868733,0.9090909090909091,0.3640363193859403,0.35130581297388375,0.30965084714031643,0.27950950107647665,0.25975849480483004,0.29682673406346527,0.346938775510204,0.346938775510204,0.346938775510204,0.346938775510204,0.346938775510204,0.346938775510204,0.3372572101236022,0.33407886992348446,0.33925838728663926,0.34302530900529726,0.3384343731606827,0.33572689817539736,0.39977391756397773,0.4844837761227333,0.45002822623840083,0.493502022071459,0.5332200920648802,0.4453084765806117,0.5932829778162472,0.6537340559355282,0.6406516701162445,0.6748451310710137,0.7178006188884738,0.7344518419280999
2017-12-01,0.10470588235294118,0.42909295141814097,0.346938775510204,0.33384343731606814,0.39740862530682375,0.43267795201676934,0.4715000070572252,0.9999999999999999,0.41271178507909767,0.3640363193859403,0.35130581297388375,0.30965084714031643,0.27950950107647665,0.25975849480483004,0.346938775510204,0.346938775510204,0.346938775510204,0.346938775510204,0.346938775510204,0.346938775510204,0.3393761035903471,0.3372572101236022,0.33407886992348446,0.33925838728663926,0.34302530900529726,0.3384343731606827,0.4690054877868733,0.39977391756397773,0.4844837761227333,0.45002822623840083,0.493502022071459,0.5332200920648802,0.5746192611062482,0.5932829778162472,0.654400375621509,0.6469208308296157,0.6748451310710137,0.7178006188884738
2018-01-01,0.12411764705882353,0.4713095572404755,0.346938775510204,0.33172454384932326,0.3965263616868522,0.44070385269662277,0.40460194104208463,0.0,0.42909295141814097,0.41271178507909767,0.3640363193859403,0.35130581297388375,0.30965084714031643,0.27950950107647665,0.346938775510204,0.346938775510204,0.346938775510204,0.346938775510204,0.346938775510204,0.346938775510204,0.33384343731606814,0.3393761035903471,0.3372572101236022,0.33407886992348446,0.33925838728663926,0.34302530900529726,0.4715000070572252,0.4690054877868733,0.39977391756397773,0.4844837761227333,0.45002822623840083,0.493502022071459,0.5633311288100391,0.5746192611062482,0.5940656235345162,0.6604296775759952,0.6469208308296157,0.6748451310710137
2018-02-01,0.10235294117647056,0.4371431245904708,0.346938775510204,0.31383166568569765,0.39602429087056523,0.4419304575038822,0.41105397839861657,0.09090909090909091,0.4713095572404755,0.42909295141814097,0.41271178507909767,0.3640363193859403,0.35130581297388375,0.30965084714031643,0.346938775510204,0.346938775510204,0.346938775510204,0.346938775510204,0.346938775510204,0.346938775510204,0.33172454384932326,0.33384343731606814,0.3393761035903471,0.3372572101236022,0.33407886992348446,0.33925838728663926,0.40460194104208463,0.4715000070572252,0.4690054877868733,0.39977391756397773,0.4844837761227333,0.45002822623840083,0.5737417694608098,0.5633311288100391,0.5754378214215794,0.6011475204949597,0.6604296775759952,0.6469208308296157
2018-03-01,0.08588235294117644,0.44491247776841714,0.346938775510204,0.31124190700412013,0.3983309546598096,0.6145725014618277,0.4589194269652702,0.1818181818181818,0.4371431245904708,0.4713095572404755,0.42909295141814097,0.41271178507909767,0.3640363193859403,0.35130581297388375,0.346938775510204,0.346938775510204,0.346938775510204,0.346938775510204,0.346938775510204,0.346938775510204,0.31383166568569765,0.33172454384932326,0.33384343731606814,0.3393761035903471,0.3372572101236022,0.33407886992348446,0.41105397839861657,0.40460194104208463,0.4715000070572252,0.4690054877868733,0.39977391756397773,0.4844837761227333,0.5753328359813485,0.5737417694608098,0.5641714108825799,0.5828446974496053,0.6011475204949597,0.6604296775759952
2018-04-01,0.05941176470588236,0.499297950014041,0.30612244897959184,0.30453207769276047,0.40598494989130895,0.6363318458702938,0.5495501099280191,0.2727272727272727,0.44491247776841714,0.4371431245904708,0.4713095572404755,0.42909295141814097,0.41271178507909767,0.3640363193859403,0.346938775510204,0.346938775510204,0.346938775510204,0.346938775510204,0.346938775510204,0.346938775510204,0.31124190700412013,0.31383166568569765,0.33172454384932326,0.33384343731606814,0.3393761035903471,0.3372572101236022,0.4589194269652702,0.41105397839861657,0.40460194104208463,0.4715000070572252,0.4690054877868733,0.39977391756397773,0.7992720986951662,0.5753328359813485,0.5745620183336433,0.5717748397604678,0.5828446974496053,0.6011475204949597
2018-05-01,0.07235294117647059,0.5446035757745952,0.30612244897959184,0.3051206592113007,0.41904500561998737,0.6271786313741985,0.638489316646053,0.36363636363636365,0.499297950014041,0.44491247776841714,0.4371431245904708,0.4713095572404755,0.42909295141814097,0.41271178507909767,0.30612244897959184,0.346938775510204,0.346938775510204,0.346938775510204,0.346938775510204,0.346938775510204,0.30453207769276047,0.31124190700412013,0.31383166568569765,0.33172454384932326,0.33384343731606814,0.3393761035903471,0.5495501099280191,0.4589194269652702,0.41105397839861657,0.40460194104208463,0.4715000070572252,0.4690054877868733,0.8274968082285803,0.7992720986951662,0.5761500231642802,0.5819841735486166,0.5717748397604678,0.5828446974496053
2018-06-01,0.09176470588235294,0.5221379762239072,0.30612244897959184,0.30912301353737504,0.4424569553569977,0.5942249292879787,0.8035868687305692,0.4545454545454545,0.5446035757745952,0.499297950014041,0.44491247776841714,0.4371431245904708,0.4713095572404755,0.42909295141814097,0.30612244897959184,0.30612244897959184,0.346938775510204,0.346938775510204,0.346938775510204,0.346938775510204,0.3051206592113007,0.30453207769276047,0.31124190700412013,0.31383166568569765,0.33172454384932326,0.33384343731606814,0.638489316646053,0.5495501099280191,0.4589194269652702,0.41105397839861657,0.40460194104208463,0.4715000070572252,0.8156238944311955,0.8274968082285803,0.7996583594709016,0.5835444741806557,0.5819841735486166,0.5717748397604678
2018-07-01,0.09588235294117645,0.5207338762519892,0.30612244897959184,0.30523837551500876,0.4455931785036079,0.6091522889237173,0.4691408875851101,0.5454545454545454,0.5221379762239072,0.5446035757745952,0.499297950014041,0.44491247776841714,0.4371431245904708,0.4713095572404755,0.30612244897959184,0.30612244897959184,0.30612244897959184,0.346938775510204,0.346938775510204,0.346938775510204,0.30912301353737504,0.3051206592113007,0.30453207769276047,0.31124190700412013,0.31383166568569765,0.33172454384932326,0.8035868687305692,0.638489316646053,0.5495501099280191,0.4589194269652702,0.41105397839861657,0.40460194104208463,0.7728786420019755,0.8156238944311955,0.8278287561851788,0.803153502866903,0.5835444741806557,0.5819841735486166
2018-08-01,0.0776470588235294,0.5046335299073295,0.26530612244897955,0.30453207769276047,0.4418910283830574,0.5843743932898611,0.3614164851740043,0.6363636363636364,0.5207338762519892,0.5221379762239072,0.5446035757745952,0.499297950014041,0.44491247776841714,0.4371431245904708,0.30612244897959184,0.30612244897959184,0.30612244897959184,0.30612244897959184,0.346938775510204,0.346938775510204,0.30523837551500876,0.30912301353737504,0.3051206592113007,0.30453207769276047,0.31124190700412013,0.31383166568569765,0.4691408875851101,0.8035868687305692,0.638489316646053,0.5495501099280191,0.4589194269652702,0.41105397839861657,0.7922413756354212,0.7728786420019755,0.8159786894402655,0.8308324412114743,0.803153502866903,0.5835444741806557
2018-09-01,0.17529411764705885,0.5641673687166526,0.26530612244897955,0.30712183637433776,0.4421543347399157,0.578408317758413,0.42376674019903665,0.7272727272727273,0.5046335299073295,0.5207338762519892,0.5221379762239072,0.5446035757745952,0.499297950014041,0.44491247776841714,0.26530612244897955,0.30612244897959184,0.30612244897959184,0.30612244897959184,0.30612244897959184,0.346938775510204,0.30453207769276047,0.30523837551500876,0.30912301353737504,0.3051206592113007,0.30453207769276047,0.31124190700412013,0.3614164851740043,0.4691408875851101,0.8035868687305692,0.638489316646053,0.5495501099280191,0.4589194269652702,0.7601012112082823,0.7922413756354212,0.7733156917163205,0.8191891097334594,0.8308324412114743,0.803153502866903
2018-10-01,0.16529411764705884,0.5841991949826828,0.26530612244897955,0.3100647439670394,0.44446957716389224,0.5583842267826107,0.45619093200696603,0.8181818181818182,0.5641673687166526,0.5046335299073295,0.5207338762519892,0.5221379762239072,0.5446035757745952,0.499297950014041,0.26530612244897955,0.26530612244897955,0.30612244897959184,0.30612244897959184,0.30612244897959184,0.30612244897959184,0.30712183637433776,0.30453207769276047,0.30523837551500876,0.30912301353737504,0.3051206592113007,0.30453207769276047,0.42376674019903665,0.3614164851740043,0.4691408875851101,0.8035868687305692,0.638489316646053,0.5495501099280191,0.7523624326050073,0.7601012112082823,0.792641165634176,0.7772704070764545,0.8191891097334594,0.8308324412114743
2018-11-01,0.16823529411764707,0.4318075446971824,0.26530612244897955,0.32513243084167165,0.44370009621143036,0.5404524613759043,0.4074885826587534,0.9090909090909091,0.5841991949826828,0.5641673687166526,0.5046335299073295,0.5207338762519892,0.5221379762239072,0.5446035757745952,0.26530612244897955,0.26530612244897955,0.26530612244897955,0.30612244897959184,0.30612244897959184,0.30612244897959184,0.3100647439670394,0.30712183637433776,0.30453207769276047,0.30523837551500876,0.30912301353737504,0.3051206592113007,0.45619093200696603,0.42376674019903665,0.3614164851740043,0.4691408875851101,0.8035868687305692,0.638489316646053,0.7263885732435653,0.7523624326050073,0.7605628485374939,0.7962587304031488,0.7772704070764545,0.8191891097334594
2018-12-01,0.17588235294117646,0.35261630628100726,0.26530612244897955,0.3243084167157153,0.4570578714788359,0.5486587738350537,0.630177626829021,0.9999999999999999,0.4318075446971824,0.5841991949826828,0.5641673687166526,0.5046335299073295,0.5207338762519892,0.5221379762239072,0.26530612244897955,0.26530612244897955,0.26530612244897955,0.26530612244897955,0.30612244897959184,0.30612244897959184,0.32513243084167165,0.3100647439670394,0.30712183637433776,0.30453207769276047,0.30523837551500876,0.30912301353737504,0.4074885826587534,0.45619093200696603,0.42376674019903665,0.3614164851740043,0.4691408875851101,0.8035868687305692,0.7031287332169196,0.7263885732435653,0.7528389616687866,0.7647400489261971,0.7962587304031488,0.7772704070764545
2019-01-01,0.11647058823529413,0.3792005990826547,0.26530612244897955,0.3159505591524425,0.45831045292865125,0.5587552183219986,0.43894297425345696,0.0,0.35261630628100726,0.4318075446971824,0.5841991949826828,0.5641673687166526,0.5046335299073295,0.5207338762519892,0.26530612244897955,0.26530612244897955,0.26530612244897955,0.26530612244897955,0.26530612244897955,0.30612244897959184,0.3243084167157153,0.32513243084167165,0.3100647439670394,0.30712183637433776,0.30453207769276047,0.30523837551500876,0.630177626829021,0.4074885826587534,0.45619093200696603,0.42376674019903665,0.3614164851740043,0.4691408875851101,0.7137733914911739,0.7031287332169196,0.7269150838146515,0.7571509123376079,0.7647400489261971,0.7962587304031488
2019-02-01,0.08352941176470585,0.42441261817841436,0.26530612244897955,0.3000588581518542,0.45621202593906984,0.5549991901835207,0.38726848471369424,0.09090909090909091,0.3792005990826547,0.35261630628100726,0.4318075446971824,0.5841991949826828,0.5641673687166526,0.5046335299073295,0.26530612244897955,0.26530612244897955,0.26530612244897955,0.26530612244897955,0.26530612244897955,0.26530612244897955,0.3159505591524425,0.3243084167157153,0.32513243084167165,0.3100647439670394,0.30712183637433776,0.30453207769276047,0.43894297425345696,0.630177626829021,0.4074885826587534,0.45619093200696603,0.42376674019903665,0.3614164851740043,0.7268697976886596,0.7137733914911739,0.7037000027068894,0.7316793002742557,0.7571509123376079,0.7647400489261971
2019-03-01,0.09588235294117645,0.4448188711036226,0.26530612244897955,0.3015891701000588,0.47210516146736625,0.5568968660339144,0.6653024626988285,0.1818181818181818,0.42441261817841436,0.3792005990826547,0.35261630628100726,0.4318075446971824,0.5841991949826828,0.5641673687166526,0.26530612244897955,0.26530612244897955,0.26530612244897955,0.26530612244897955,0.26530612244897955,0.26530612244897955,0.3000588581518542,0.3159505591524425,0.3243084167157153,0.32513243084167165,0.3100647439670394,0.30712183637433776,0.38726848471369424,0.43894297425345696,0.630177626829021,0.4074885826587534,0.45619093200696603,0.42376674019903665,0.7219977389897485,0.7268697976886596,0.7143241774612358,0.7088692275172643,0.7316793002742557,0.7571509123376079
2019-04-01,0.22705882352941179,0.4922774501544509,0.26530612244897955,0.3099470276633314,0.46998160285868484,0.5518567656441893,0.38756187937114905,0.2727272727272727,0.4448188711036226,0.42441261817841436,0.3792005990826547,0.35261630628100726,0.4318075446971824,0.5841991949826828,0.26530612244897955,0.26530612244897955,0.26530612244897955,0.26530612244897955,0.26530612244897955,0.26530612244897955,0.3015891701000588,0.3000588581518542,0.3159505591524425,0.3243084167157153,0.32513243084167165,0.3100647439670394,0.6653024626988285,0.38726848471369424,0.43894297425345696,0.630177626829021,0.4074885826587534,0.45619093200696603,0.7244592722354419,0.7219977389897485,0.7273953822393656,0.7193080538131846,0.7088692275172643,0.7316793002742557
2019-04-01,0.22705882352941179,0.4922774501544509,0.26530612244897955,0.3099470276633314,0.46998160285868484,0.5518567656441893,0.4196040845627564,0.2727272727272727,0.4922774501544509,0.4448188711036226,0.42441261817841436,0.3792005990826547,0.35261630628100726,0.4318075446971824,0.26530612244897955,0.26530612244897955,0.26530612244897955,0.26530612244897955,0.26530612244897955,0.26530612244897955,0.3099470276633314,0.3015891701000588,0.3000588581518542,0.3159505591524425,0.3243084167157153,0.32513243084167165,0.38756187937114905,0.6653024626988285,0.38726848471369424,0.43894297425345696,0.630177626829021,0.4074885826587534,0.7179216042410015,0.7244592722354419,0.7225326988448354,0.7321512194530835,0.7193080538131846,0.7088692275172643
2019-05-01,0.10411764705882351,0.49237105681924553,0.26530612244897955,0.310888758092996,0.47228210826044803,0.7693201537524459,0.45442773324841673,0.36363636363636365,0.4922774501544509,0.4922774501544509,0.4448188711036226,0.42441261817841436,0.3792005990826547,0.35261630628100726,0.26530612244897955,0.26530612244897955,0.26530612244897955,0.26530612244897955,0.26530612244897955,0.26530612244897955,0.3099470276633314,0.3099470276633314,0.3015891701000588,0.3000588581518542,0.3159505591524425,0.3243084167157153,0.4196040845627564,0.38756187937114905,0.6653024626988285,0.38726848471369424,0.43894297425345696,0.630177626829021,0.7179216042410015,0.7179216042410015,0.7249894953611814,0.7273733700237157,0.7321512194530835,0.7193080538131846
2019-06-01,0.17529411764705885,0.42684639146307213,0.26530612244897955,0.3172454384932313,0.5010195454655272,0.7566446217043712,0.8531053009817569,0.4545454545454545,0.49237105681924553,0.4922774501544509,0.4922774501544509,0.4448188711036226,0.42441261817841436,0.3792005990826547,0.26530612244897955,0.26530612244897955,0.26530612244897955,0.26530612244897955,0.26530612244897955,0.26530612244897955,0.310888758092996,0.3099470276633314,0.3099470276633314,0.3015891701000588,0.3000588581518542,0.3159505591524425,0.45442773324841673,0.4196040845627564,0.38756187937114905,0.6653024626988285,0.38726848471369424,0.43894297425345696,1.0,0.7179216042410015,0.7184644078037137,0.7297873054748496,0.7273733700237157,0.7321512194530835
2019-07-01,0.20882352941176466,0.42403819151923616,0.26530612244897955,0.33454973513831665,0.4903794437775496,0.7406266496176792,0.26576377786683936,0.5454545454545454,0.42684639146307213,0.49237105681924553,0.4922774501544509,0.4922774501544509,0.4448188711036226,0.42441261817841436,0.26530612244897955,0.26530612244897955,0.26530612244897955,0.26530612244897955,0.26530612244897955,0.26530612244897955,0.3172454384932313,0.310888758092996,0.3099470276633314,0.3099470276633314,0.3015891701000588,0.3000588581518542,0.8531053009817569,0.45442773324841673,0.4196040845627564,0.38756187937114905,0.6653024626988285,0.38726848471369424,0.9835581806362148,1.0,0.7184644078037137,0.7233760540456304,0.7297873054748496,0.7273733700237157
2019-08-01,0.13411764705882354,0.3783581390995039,0.26530612244897955,0.33619776339022955,0.48184347367027514,0.7059536923494918,0.29425943455845993,0.6363636363636364,0.42403819151923616,0.42684639146307213,0.49237105681924553,0.4922774501544509,0.4922774501544509,0.4448188711036226,0.26530612244897955,0.26530612244897955,0.26530612244897955,0.26530612244897955,0.26530612244897955,0.26530612244897955,0.33454973513831665,0.3172454384932313,0.310888758092996,0.3099470276633314,0.3099470276633314,0.3015891701000588,0.26576377786683936,0.8531053009817569,0.45442773324841673,0.4196040845627564,0.38756187937114905,0.6653024626988285,0.9627807803168689,0.9835581806362148,1.0,0.7233760540456304,0.7233760540456304,0.7297873054748496
2019-09-01,0.06529411764705881,0.41383506505663203,0.26530612244897955,0.34208357857563265,0.48338036698614517,0.6849288787532088,0.44245854546822033,0.7272727272727273,0.3783581390995039,0.42403819151923616,0.42684639146307213,0.49237105681924553,0.4922774501544509,0.4922774501544509,0.26530612244897955,0.26530612244897955,0.26530612244897955,0.26530612244897955,0.26530612244897955,0.26530612244897955,0.33619776339022955,0.33454973513831665,0.3172454384932313,0.310888758092996,0.3099470276633314,0.3099470276633314,0.29425943455845993,0.26576377786683936,0.8531053009817569,0.45442773324841673,0.4196040845627564,0.38756187937114905,0.9178054295347788,0.9627807803168689,0.9835898196353806,1.0,0.7233760540456304,0.7233760540456304
2019-10-01,0.1311764705882353,0.3846297856407377,0.26530612244897955,0.340553266627428,0.49195337246871584,0.6738962616228683,0.5467989568383183,0.8181818181818182,0.41383506505663203,0.3783581390995039,0.42403819151923616,0.42684639146307213,0.49237105681924553,0.4922774501544509,0.26530612244897955,0.26530612244897955,0.26530612244897955,0.26530612244897955,0.26530612244897955,0.26530612244897955,0.34208357857563265,0.33619776339022955,0.33454973513831665,0.3172454384932313,0.310888758092996,0.3099470276633314,0.44245854546822033,0.29425943455845993,0.26576377786683936,0.8531053009817569,0.45442773324841673,0.4196040845627564,0.8905335023291794,0.9178054295347788,0.962852401275259,0.9838761102606202,1.0,0.7233760540456304
2019-11-01,0.16705882352941173,0.4173921183188243,0.26530612244897955,0.3254855797527958,0.48116430285366296,0.6517868356421821,0.26153934448681726,0.9090909090909091,0.3846297856407377,0.41383506505663203,0.3783581390995039,0.42403819151923616,0.42684639146307213,0.49237105681924553,0.26530612244897955,0.26530612244897955,0.26530612244897955,0.26530612244897955,0.26530612244897955,0.26530612244897955,0.340553266627428,0.34208357857563265,0.33619776339022955,0.33454973513831665,0.3172454384932313,0.310888758092996,0.5467989568383183,0.44245854546822033,0.29425943455845993,0.26576377786683936,0.8531053009817569,0.45442773324841673,0.8762227580323025,0.8905335023291794,0.9179635965775405,0.9635004751555427,0.9838761102606202,1.0
2019-12-01,0.18235294117647058,0.455770850884583,0.22448979591836737,0.31500882872277813,0.49321279698122156,0.6454897241487854,0.5989529271686986,0.9999999999999999,0.4173921183188243,0.3846297856407377,0.41383506505663203,0.3783581390995039,0.42403819151923616,0.42684639146307213,0.26530612244897955,0.26530612244897955,0.26530612244897955,0.26530612244897955,0.26530612244897955,0.26530612244897955,0.3254855797527958,0.340553266627428,0.34208357857563265,0.33619776339022955,0.33454973513831665,0.3172454384932313,0.26153934448681726,0.5467989568383183,0.44245854546822033,0.29425943455845993,0.26576377786683936,0.8531053009817569,0.8475439470101935,0.8762227580323025,0.8907441487516871,0.9193947967658611,0.9635004751555427,0.9838761102606202
2020-01-01,0.18000000000000002,0.4230085182064963,0.22448979591836737,0.3101824602707475,0.4937911286932185,0.6118967181663209,0.42806131116089385,0.0,0.455770850884583,0.4173921183188243,0.3846297856407377,0.41383506505663203,0.3783581390995039,0.42403819151923616,0.22448979591836737,0.26530612244897955,0.26530612244897955,0.26530612244897955,0.26530612244897955,0.26530612244897955,0.31500882872277813,0.3254855797527958,0.340553266627428,0.34208357857563265,0.33619776339022955,0.33454973513831665,0.5989529271686986,0.26153934448681726,0.5467989568383183,0.44245854546822033,0.29425943455845993,0.26576377786683936,0.8393757715604084,0.8475439470101935,0.8764609426254261,0.8926502171354567,0.9193947967658611,0.9635004751555427
2020-02-01,0.2617647058823529,0.34671908639895155,0.20408163265306123,0.3066509711595058,0.5071982992186241,0.6030614800505538,0.6154981154852275,0.09090909090909091,0.4230085182064963,0.455770850884583,0.4173921183188243,0.3846297856407377,0.41383506505663203,0.3783581390995039,0.22448979591836737,0.22448979591836737,0.26530612244897955,0.26530612244897955,0.26530612244897955,0.26530612244897955,0.3101824602707475,0.31500882872277813,0.3254855797527958,0.340553266627428,0.34208357857563265,0.33619776339022955,0.42806131116089385,0.5989529271686986,0.26153934448681726,0.5467989568383183,0.44245854546822033,0.29425943455845993,0.7958012585415144,0.8393757715604084,0.8478373182501185,0.8786161946209206,0.8926502171354567,0.9193947967658611
2020-03-01,0.18352941176470586,0.12533932415988017,0.20408163265306123,0.34137728075338436,0.5198123144859802,0.6117100112149294,0.6003704910400459,0.1818181818181818,0.34671908639895155,0.4230085182064963,0.455770850884583,0.4173921183188243,0.3846297856407377,0.41383506505663203,0.20408163265306123,0.22448979591836737,0.22448979591836737,0.26530612244897955,0.26530612244897955,0.26530612244897955,0.3066509711595058,0.3101824602707475,0.31500882872277813,0.3254855797527958,0.340553266627428,0.34208357857563265,0.6154981154852275,0.42806131116089385,0.5989529271686986,0.26153934448681726,0.5467989568383183,0.44245854546822033,0.7843408016088578,0.7958012585415144,0.8396848608234139,0.8504919355869409,0.8786161946209206,0.8926502171354567
2020-04-01,0.19352941176470587,0.0,0.12244897959183676,0.37280753384343734,0.5265973689139505,0.6055037203885958,0.5151126726773859,0.2727272727272727,0.12533932415988017,0.34671908639895155,0.4230085182064963,0.455770850884583,0.4173921183188243,0.3846297856407377,0.20408163265306123,0.20408163265306123,0.22448979591836737,0.22448979591836737,0.26530612244897955,0.26530612244897955,0.34137728075338436,0.3066509711595058,0.3101824602707475,0.31500882872277813,0.3254855797527958,0.340553266627428,0.6003704910400459,0.6154981154852275,0.42806131116089385,0.5989529271686986,0.26153934448681726,0.5467989568383183,0.7955590752582329,0.7843408016088578,0.7961941982562585,0.8424817052462323,0.8504919355869409,0.8786161946209206
2020-05-01,0.1535294117647059,0.1007207713189179,0.10204081632653061,0.3759858740435551,0.5376321670246493,0.6752103261557172,0.573464904913841,0.36363636363636365,0.0,0.12533932415988017,0.34671908639895155,0.4230085182064963,0.455770850884583,0.4173921183188243,0.12244897959183676,0.20408163265306123,0.20408163265306123,0.22448979591836737,0.22448979591836737,0.26530612244897955,0.37280753384343734,0.34137728075338436,0.3066509711595058,0.3101824602707475,0.31500882872277813,0.3254855797527958,0.5151126726773859,0.6003704910400459,0.6154981154852275,0.42806131116089385,0.5989529271686986,0.26153934448681726,0.7875087060667327,0.7955590752582329,0.7847557946851739,0.7997497771171991,0.8424817052462323,0.8504919355869409
2020-06-01,0.10999999999999996,0.20265842928016478,0.10204081632653061,0.3726898175397293,0.564277454853544,0.7330065979231355,0.7854997718249324,0.4545454545454545,0.1007207713189179,0.0,0.12533932415988017,0.34671908639895155,0.4230085182064963,0.455770850884583,0.10204081632653061,0.12244897959183676,0.20408163265306123,0.20408163265306123,0.22448979591836737,0.22448979591836737,0.3759858740435551,0.37280753384343734,0.34137728075338436,0.3066509711595058,0.3101824602707475,0.31500882872277813,0.573464904913841,0.5151126726773859,0.6003704910400459,0.6154981154852275,0.42806131116089385,0.5989529271686986,0.8779272712313946,0.7875087060667327,0.7959524810063597,0.7885109269719359,0.7997497771171991,0.8424817052462323
2020-07-01,0.09647058823529411,0.23045960872414115,0.10204081632653061,0.38293113596233086,0.5670787625000848,0.7003308082589639,0.45671495701065057,0.5454545454545454,0.20265842928016478,0.1007207713189179,0.0,0.12533932415988017,0.34671908639895155,0.4230085182064963,0.10204081632653061,0.10204081632653061,0.12244897959183676,0.20408163265306123,0.20408163265306123,0.22448979591836737,0.3726898175397293,0.3759858740435551,0.37280753384343734,0.34137728075338436,0.3066509711595058,0.3101824602707475,0.7854997718249324,0.573464904913841,0.5151126726773859,0.6003704910400459,0.6154981154852275,0.42806131116089385,0.9528965787678363,0.8779272712313946,0.7879176031433129,0.7995122768460945,0.7885109269719359,0.7997497771171991
2020-08-01,0.09647058823529411,0.24478142843770476,0.10204081632653061,0.3931724543849324,0.5559218947220952,0.6553665060641181,0.2723474051527085,0.6363636363636364,0.23045960872414115,0.20265842928016478,0.1007207713189179,0.0,0.12533932415988017,0.34671908639895155,0.10204081632653061,0.10204081632653061,0.10204081632653061,0.12244897959183676,0.20408163265306123,0.20408163265306123,0.38293113596233086,0.3726898175397293,0.3759858740435551,0.37280753384343734,0.34137728075338436,0.3066509711595058,0.45671495701065057,0.7854997718249324,0.573464904913841,0.5151126726773859,0.6003704910400459,0.6154981154852275,0.9105118150206646,0.9528965787678363,0.8781621758291301,0.7916175747858738,0.7995122768460945,0.7885109269719359
2020-09-01,0.08705882352941177,0.20864925582701485,0.10204081632653061,0.39635079458504996,0.5552478405225455,0.6161717570675334,0.41057453682529094,0.7272727272727273,0.24478142843770476,0.23045960872414115,0.20265842928016478,0.1007207713189179,0.0,0.12533932415988017,0.10204081632653061,0.10204081632653061,0.10204081632653061,0.10204081632653061,0.12244897959183676,0.20408163265306123,0.3931724543849324,0.38293113596233086,0.3726898175397293,0.3759858740435551,0.37280753384343734,0.34137728075338436,0.2723474051527085,0.45671495701065057,0.7854997718249324,0.573464904913841,0.5151126726773859,0.6003704910400459,0.8521872467341125,0.9105118150206646,0.9529872198989727,0.8802877482533618,0.7916175747858738,0.7995122768460945
2020-10-01,0.12470588235294114,0.20190957596180845,0.10204081632653061,0.3990582695703355,0.5706365207162427,0.5721755105788624,0.6259351473066563,0.8181818181818182,0.20864925582701485,0.24478142843770476,0.23045960872414115,0.20265842928016478,0.1007207713189179,0.0,0.10204081632653061,0.10204081632653061,0.10204081632653061,0.10204081632653061,0.10204081632653061,0.12244897959183676,0.39635079458504996,0.3931724543849324,0.38293113596233086,0.3726898175397293,0.3759858740435551,0.37280753384343734,0.41057453682529094,0.2723474051527085,0.45671495701065057,0.7854997718249324,0.573464904913841,0.5151126726773859,0.8013465419363499,0.8521872467341125,0.9106840171685701,0.9538074009031006,0.8802877482533618,0.7916175747858738
2020-11-01,0.1535294117647059,0.22531124216044177,0.10204081632653061,0.4062389640965274,0.5763771648615533,0.5631996109569606,0.4950194994587486,0.9090909090909091,0.20190957596180845,0.20864925582701485,0.24478142843770476,0.23045960872414115,0.20265842928016478,0.1007207713189179,0.10204081632653061,0.10204081632653061,0.10204081632653061,0.10204081632653061,0.10204081632653061,0.10204081632653061,0.3990582695703355,0.39635079458504996,0.3931724543849324,0.38293113596233086,0.3726898175397293,0.3759858740435551,0.6259351473066563,0.41057453682529094,0.2723474051527085,0.45671495701065057,0.7854997718249324,0.573464904913841,0.7442776682427066,0.8013465419363499,0.8524716828706381,0.9122422162864678,0.9538074009031006,0.8802877482533618
2020-12-01,0.17058823529411762,0.2940185341196293,0.10204081632653061,0.4220129487934079,0.5838700361712399,0.5476192565507658,0.5173023826457289,0.9999999999999999,0.22531124216044177,0.20190957596180845,0.20864925582701485,0.24478142843770476,0.23045960872414115,0.20265842928016478,0.10204081632653061,0.10204081632653061,0.10204081632653061,0.10204081632653061,0.10204081632653061,0.10204081632653061,0.4062389640965274,0.3990582695703355,0.39635079458504996,0.3931724543849324,0.38293113596233086,0.3726898175397293,0.4950194994587486,0.6259351473066563,0.41057453682529094,0.2723474051527085,0.45671495701065057,0.7854997718249324,0.7326347549787073,0.7442776682427066,0.8017288108601782,0.8550454494724096,0.9122422162864678,0.9538074009031006
2021-01-01,0.17470588235294118,0.33660956660114205,0.10204081632653061,0.4130665097115951,0.5842552452014356,0.5334981603606446,0.42457819726867474,0.0,0.2940185341196293,0.22531124216044177,0.20190957596180845,0.20864925582701485,0.24478142843770476,0.23045960872414115,0.10204081632653061,0.10204081632653061,0.10204081632653061,0.10204081632653061,0.10204081632653061,0.10204081632653061,0.4220129487934079,0.4062389640965274,0.3990582695703355,0.39635079458504996,0.3931724543849324,0.38293113596233086,0.5173023826457289,0.4950194994587486,0.6259351473066563,0.41057453682529094,0.2723474051527085,0.45671495701065057,0.7124250019049245,0.7326347549787073,0.7447697548215791,0.805187833335532,0.8550454494724096,0.9122422162864678
2021-02-01,0.18000000000000002,0.4086866984929327,0.10204081632653061,0.41130076515597414,0.5939844698264122,0.5112491567854487,0.5451728338291308,0.09090909090909091,0.33660956660114205,0.2940185341196293,0.22531124216044177,0.20190957596180845,0.20864925582701485,0.24478142843770476,0.10204081632653061,0.10204081632653061,0.10204081632653061,0.10204081632653061,0.10204081632653061,0.10204081632653061,0.4130665097115951,0.4220129487934079,0.4062389640965274,0.3990582695703355,0.39635079458504996,0.3931724543849324,0.42457819726867474,0.5173023826457289,0.4950194994587486,0.6259351473066563,0.41057453682529094,0.2723474051527085,0.6941080971867613,0.7124250019049245,0.733149246019939,0.7492224801937946,0.805187833335532,0.8550454494724096
2021-03-01,0.1870588235294118,0.4379855845736216,0.10204081632653061,0.4118893466745144,0.5914607300145336,0.4983071874722779,0.38743548794664134,0.1818181818181818,0.4086866984929327,0.33660956660114205,0.2940185341196293,0.22531124216044177,0.20190957596180845,0.20864925582701485,0.10204081632653061,0.10204081632653061,0.10204081632653061,0.10204081632653061,0.10204081632653061,0.10204081632653061,0.41130076515597414,0.4130665097115951,0.4220129487934079,0.4062389640965274,0.3990582695703355,0.39635079458504996,0.5451728338291308,0.42457819726867474,0.5173023826457289,0.4950194994587486,0.6259351473066563,0.41057453682529094,0.6652482358081495,0.6941080971867613,0.7129783825815725,0.7378047018104985,0.7492224801937946,0.805187833335532
2021-04-01,0.1788235294117647,0.430497051390059,0.10204081632653061,0.39093584461447906,0.5935662610434024,0.4670080127431426,0.44652857886206676,0.2727272727272727,0.4379855845736216,0.4086866984929327,0.33660956660114205,0.2940185341196293,0.22531124216044177,0.20190957596180845,0.10204081632653061,0.10204081632653061,0.10204081632653061,0.10204081632653061,0.10204081632653061,0.10204081632653061,0.4118893466745144,0.41130076515597414,0.4130665097115951,0.4220129487934079,0.4062389640965274,0.3990582695703355,0.38743548794664134,0.5451728338291308,0.42457819726867474,0.5173023826457289,0.4950194994587486,0.6259351473066563,0.6484608125385185,0.6652482358081495,0.6946967250900257,0.7179857375577037,0.7378047018104985,0.7492224801937946
2021-05-01,0.1852941176470588,0.46765889731348875,0.10204081632653061,0.38481459682165986,0.5933281670841146,0.4612591737039972,0.41656762622710897,0.36363636363636365,0.430497051390059,0.4379855845736216,0.4086866984929327,0.33660956660114205,0.2940185341196293,0.22531124216044177,0.10204081632653061,0.10204081632653061,0.10204081632653061,0.10204081632653061,0.10204081632653061,0.10204081632653061,0.39093584461447906,0.4118893466745144,0.41130076515597414,0.4130665097115951,0.4220129487934079,0.4062389640965274,0.44652857886206676,0.38743548794664134,0.5451728338291308,0.42457819726867474,0.5173023826457289,0.4950194994587486,0.6078616980255966,0.6484608125385185,0.6658923987534846,0.7000230203238127,0.7179857375577037,0.7378047018104985
2021-06-01,0.21176470588235294,0.510530749789385,0.10204081632653061,0.38928781636256615,0.6123973742057172,0.6480889243037564,0.6628711903395528,0.4545454545454545,0.46765889731348875,0.430497051390059,0.4379855845736216,0.4086866984929327,0.33660956660114205,0.2940185341196293,0.10204081632653061,0.10204081632653061,0.10204081632653061,0.10204081632653061,0.10204081632653061,0.10204081632653061,0.38481459682165986,0.39093584461447906,0.4118893466745144,0.41130076515597414,0.4130665097115951,0.4220129487934079,0.41656762622710897,0.44652857886206676,0.38743548794664134,0.5451728338291308,0.42457819726867474,0.5173023826457289,0.6004047035046083,0.6078616980255966,0.649137279528745,0.6717212118398037,0.7000230203238127,0.7179857375577037
2021-07-01,0.22529411764705878,0.5293456894130862,0.10204081632653061,0.3931724543849324,0.6195491143450436,0.6358836102736825,0.5086739758208703,0.5454545454545454,0.510530749789385,0.46765889731348875,0.430497051390059,0.4379855845736216,0.4086866984929327,0.33660956660114205,0.10204081632653061,0.10204081632653061,0.10204081632653061,0.10204081632653061,0.10204081632653061,0.10204081632653061,0.38928781636256615,0.38481459682165986,0.39093584461447906,0.4118893466745144,0.41130076515597414,0.4130665097115951,0.6628711903395528,0.41656762622710897,0.44652857886206676,0.38743548794664134,0.5451728338291308,0.42457819726867474,0.8427472733858365,0.6004047035046083,0.6086162899071011,0.6552584010146205,0.6717212118398037,0.7000230203238127
2021-08-01,0.22647058823529412,0.4888140035570533,0.10204081632653061,0.40612124779281933,0.6309654192688258,0.5866498428429814,0.5605317332946759,0.6363636363636364,0.5293456894130862,0.510530749789385,0.46765889731348875,0.430497051390059,0.4379855845736216,0.4086866984929327,0.10204081632653061,0.10204081632653061,0.10204081632653061,0.10204081632653061,0.10204081632653061,0.10204081632653061,0.3931724543849324,0.38928781636256615,0.38481459682165986,0.39093584461447906,0.4118893466745144,0.41130076515597414,0.5086739758208703,0.6628711903395528,0.41656762622710897,0.44652857886206676,0.38743548794664134,0.5451728338291308,0.8269153881600615,0.8427472733858365,0.6011736448834653,0.6154443371668772,0.6552584010146205,0.6717212118398037
2021-09-01,0.24647058823529414,0.5229804362070579,0.10204081632653061,0.4168334314302531,0.6201349712706127,0.5706250206742904,0.28776522269828286,0.7272727272727273,0.4888140035570533,0.5293456894130862,0.510530749789385,0.46765889731348875,0.430497051390059,0.4379855845736216,0.10204081632653061,0.10204081632653061,0.10204081632653061,0.10204081632653061,0.10204081632653061,0.10204081632653061,0.40612124779281933,0.3931724543849324,0.38928781636256615,0.38481459682165986,0.39093584461447906,0.4118893466745144,0.5605317332946759,0.5086739758208703,0.6628711903395528,0.41656762622710897,0.44652857886206676,0.38743548794664134,0.7630527662500681,0.8269153881600615,0.8430498748666152,0.6081315359018051,0.6154443371668772,0.6552584010146205
2021-10-01,0.21941176470588233,0.6076944678461107,0.10204081632653061,0.42519128899352565,0.6265916429631372,0.5441968211298742,0.4992503818258057,0.8181818181818182,0.5229804362070579,0.4888140035570533,0.5293456894130862,0.510530749789385,0.46765889731348875,0.430497051390059,0.10204081632653061,0.10204081632653061,0.10204081632653061,0.10204081632653061,0.10204081632653061,0.10204081632653061,0.4168334314302531,0.40612124779281933,0.3931724543849324,0.38928781636256615,0.38481459682165986,0.39093584461447906,0.28776522269828286,0.5605317332946759,0.5086739758208703,0.6628711903395528,0.41656762622710897,0.44652857886206676,0.742266480480358,0.7630527662500681,0.8272484549435158,0.8457880135377014,0.6081315359018051,0.6154443371668772
2021-11-01,0.1811764705882353,0.5843864083122718,0.10204081632653061,0.43766921718658036,0.6310755271203947,0.5186041457936135,0.47447829534530833,0.9090909090909091,0.6076944678461107,0.5229804362070579,0.4888140035570533,0.5293456894130862,0.510530749789385,0.46765889731348875,0.10204081632653061,0.10204081632653061,0.10204081632653061,0.10204081632653061,0.10204081632653061,0.10204081632653061,0.42519128899352565,0.4168334314302531,0.40612124779281933,0.3931724543849324,0.38928781636256615,0.38481459682165986,0.4992503818258057,0.28776522269828286,0.5605317332946759,0.5086739758208703,0.6628711903395528,0.41656762622710897,0.70798565649827,0.742266480480358,0.7635087239008064,0.8302622638564239,0.8457880135377014,0.6081315359018051
2021-12-01,0.1770588235294118,0.5222315828887016,0.10204081632653061,0.4493231312536785,0.6313125195021267,0.5084859391564349,0.42248860248784054,0.9999999999999999,0.5843864083122718,0.6076944678461107,0.5229804362070579,0.4888140035570533,0.5293456894130862,0.510530749789385,0.10204081632653061,0.10204081632653061,0.10204081632653061,0.10204081632653061,0.10204081632653061,0.10204081632653061,0.43766921718658036,0.42519128899352565,0.4168334314302531,0.40612124779281933,0.3931724543849324,0.38928781636256615,0.47447829534530833,0.4992503818258057,0.28776522269828286,0.5605317332946759,0.5086739758208703,0.6628711903395528,0.6747886164593304,0.70798565649827,0.7427624371885958,0.7676345307959036,0.8302622638564239,0.8457880135377014
2022-01-01,0.15705882352941172,0.6354956472900871,0.10204081632653061,0.4548557975279577,0.6204515397663887,0.4514294403244053,0.2874493614018475,0.0,0.5222315828887016,0.5843864083122718,0.6076944678461107,0.5229804362070579,0.4888140035570533,0.5293456894130862,0.10204081632653061,0.10204081632653061,0.10204081632653061,0.10204081632653061,0.10204081632653061,0.10204081632653061,0.4493231312536785,0.43766921718658036,0.42519128899352565,0.4168334314302531,0.40612124779281933,0.3931724543849324,0.42248860248784054,0.47447829534530833,0.4992503818258057,0.28776522269828286,0.5605317332946759,0.5086739758208703,0.6616639819127899,0.6747886164593304,0.7085475798089487,0.7472501820552611,0.7676345307959036,0.8302622638564239
2022-02-01,0.1388235294117647,0.7349059253018815,0.10204081632653061,0.45815185403178327,0.6284947171249228,0.41790922776575384,0.5187820250315364,0.09090909090909091,0.6354956472900871,0.5222315828887016,0.5843864083122718,0.6076944678461107,0.5229804362070579,0.4888140035570533,0.10204081632653061,0.10204081632653061,0.10204081632653061,0.10204081632653061,0.10204081632653061,0.10204081632653061,0.4548557975279577,0.4493231312536785,0.43766921718658036,0.42519128899352565,0.4168334314302531,0.40612124779281933,0.2874493614018475,0.42248860248784054,0.47447829534530833,0.4992503818258057,0.28776522269828286,0.5605317332946759,0.5876542564221152,0.6616639819127899,0.6754144208466016,0.7136322341972681,0.7472501820552611,0.7676345307959036
2022-03-01,0.16705882352941173,0.9232425348684825,0.10204081632653061,0.4659211300765156,0.6285976261778449,0.4054911675132092,0.42086057118097553,0.1818181818181818,0.7349059253018815,0.6354956472900871,0.5222315828887016,0.5843864083122718,0.6076944678461107,0.5229804362070579,0.10204081632653061,0.10204081632653061,0.10204081632653061,0.10204081632653061,0.10204081632653061,0.10204081632653061,0.45815185403178327,0.4548557975279577,0.4493231312536785,0.43766921718658036,0.42519128899352565,0.4168334314302531,0.5187820250315364,0.2874493614018475,0.42248860248784054,0.47447829534530833,0.4992503818258057,0.28776522269828286,0.5441741659742554,0.5876542564221152,0.6623150420392395,0.6810771135370437,0.7136322341972681,0.7472501820552611
2022-04-01,0.2205882352941176,0.8078255171768229,0.10204081632653061,0.4786344908769866,0.6474411895161056,0.4858773763625666,0.6496490799591009,0.2727272727272727,0.9232425348684825,0.7349059253018815,0.6354956472900871,0.5222315828887016,0.5843864083122718,0.6076944678461107,0.10204081632653061,0.10204081632653061,0.10204081632653061,0.10204081632653061,0.10204081632653061,0.10204081632653061,0.4659211300765156,0.45815185403178327,0.4548557975279577,0.4493231312536785,0.43766921718658036,0.42519128899352565,0.42086057118097553,0.5187820250315364,0.2874493614018475,0.42248860248784054,0.47447829534530833,0.4992503818258057,0.5280663211321959,0.5441741659742554,0.5884477334910734,0.668206265389655,0.6810771135370437,0.7136322341972681
2022-05-01,0.2564705882352941,0.8837405223251895,0.10204081632653061,0.488993525603296,0.6462851179497519,0.4670443213569088,0.40580775670185243,0.36363636363636365,0.8078255171768229,0.9232425348684825,0.7349059253018815,0.6354956472900871,0.5222315828887016,0.5843864083122718,0.10204081632653061,0.10204081632653061,0.10204081632653061,0.10204081632653061,0.10204081632653061,0.10204081632653061,0.4786344908769866,0.4659211300765156,0.45815185403178327,0.4548557975279577,0.4493231312536785,0.43766921718658036,0.6496490799591009,0.42086057118097553,0.5187820250315364,0.2874493614018475,0.42248860248784054,0.47447829534530833,0.6323377253010967,0.5280663211321959,0.5450513117975634,0.5956276396883033,0.668206265389655,0.6810771135370437
2022-06-01,0.3052941176470588,0.974913413835065,0.1428571428571428,0.5008828722778105,0.6716605179298825,0.44751273748666526,0.7228471373404541,0.4545454545454545,0.8837405223251895,0.8078255171768229,0.9232425348684825,0.7349059253018815,0.6354956472900871,0.5222315828887016,0.10204081632653061,0.10204081632653061,0.10204081632653061,0.10204081632653061,0.10204081632653061,0.10204081632653061,0.488993525603296,0.4786344908769866,0.4659211300765156,0.45815185403178327,0.4548557975279577,0.4493231312536785,0.40580775670185243,0.6496490799591009,0.42086057118097553,0.5187820250315364,0.2874493614018475,0.42248860248784054,0.607908795036328,0.6323377253010967,0.5289744632873723,0.552988308314567,0.5956276396883033,0.668206265389655
2022-07-01,0.3294117647058824,0.8734437891977909,0.1428571428571428,0.513007651559741,0.6810662175958476,0.3971884491610162,0.5286988036455125,0.5454545454545454,0.974913413835065,0.8837405223251895,0.8078255171768229,0.9232425348684825,0.7349059253018815,0.6354956472900871,0.1428571428571428,0.10204081632653061,0.10204081632653061,0.10204081632653061,0.10204081632653061,0.10204081632653061,0.5008828722778105,0.488993525603296,0.4786344908769866,0.4659211300765156,0.45815185403178327,0.4548557975279577,0.7228471373404541,0.40580775670185243,0.6496490799591009,0.42086057118097553,0.5187820250315364,0.2874493614018475,0.582573781668432,0.607908795036328,0.6330452179541388,0.5371919351501429,0.552988308314567,0.5956276396883033
2022-08-01,0.34176470588235286,0.765889731348872,0.1428571428571428,0.5263095938787523,0.6728603624950176,0.3666339279113468,0.3254525606884786,0.6363636363636364,0.8734437891977909,0.974913413835065,0.8837405223251895,0.8078255171768229,0.9232425348684825,0.7349059253018815,0.1428571428571428,0.1428571428571428,0.10204081632653061,0.10204081632653061,0.10204081632653061,0.10204081632653061,0.513007651559741,0.5008828722778105,0.488993525603296,0.4786344908769866,0.4659211300765156,0.45815185403178327,0.5286988036455125,0.7228471373404541,0.40580775670185243,0.6496490799591009,0.42086057118097553,0.5187820250315364,0.5172966118326263,0.582573781668432,0.6086632962890371,0.6394470801916223,0.5371919351501429,0.552988308314567
2022-09-01,0.3799999999999999,0.6658242066835158,0.1428571428571428,0.5377280753384344,0.6692173558074107,0.37249337919766906,0.3774083045400163,0.7272727272727273,0.765889731348872,0.8734437891977909,0.974913413835065,0.8837405223251895,0.8078255171768229,0.9232425348684825,0.1428571428571428,0.1428571428571428,0.1428571428571428,0.10204081632653061,0.10204081632653061,0.10204081632653061,0.5263095938787523,0.513007651559741,0.5008828722778105,0.488993525603296,0.4786344908769866,0.4659211300765156,0.3254525606884786,0.5286988036455125,0.7228471373404541,0.40580775670185243,0.6496490799591009,0.42086057118097553,0.4776634100681049,0.5172966118326263,0.5833770350968632,0.6154905234794308,0.6394470801916223,0.5371919351501429
2022-10-01,0.40411764705882347,0.6993353926799588,0.20408163265306123,0.5449087698646262,0.6688104767874269,0.36872684699456953,0.414871378569231,0.8181818181818182,0.6658242066835158,0.765889731348872,0.8734437891977909,0.974913413835065,0.8837405223251895,0.8078255171768229,0.1428571428571428,0.1428571428571428,0.1428571428571428,0.1428571428571428,0.10204081632653061,0.10204081632653061,0.5377280753384344,0.5263095938787523,0.513007651559741,0.5008828722778105,0.488993525603296,0.4786344908769866,0.3774083045400163,0.3254525606884786,0.5286988036455125,0.7228471373404541,0.40580775670185243,0.6496490799591009,0.4852638831098059,0.4776634100681049,0.5182254781434456,0.5906454042714295,0.6154905234794308,0.6394470801916223
2022-11-01,0.39764705882352935,0.681456519704203,0.20408163265306123,0.5551500882872278,0.6749951986325696,0.33414770108532393,0.4915771251638507,0.9090909090909091,0.6993353926799588,0.6658242066835158,0.765889731348872,0.8734437891977909,0.974913413835065,0.8837405223251895,0.20408163265306123,0.1428571428571428,0.1428571428571428,0.1428571428571428,0.1428571428571428,0.10204081632653061,0.5449087698646262,0.5377280753384344,0.5263095938787523,0.513007651559741,0.5008828722778105,0.488993525603296,0.414871378569231,0.3774083045400163,0.3254525606884786,0.5286988036455125,0.7228471373404541,0.40580775670185243,0.48037819926818376,0.4852638831098059,0.4786685425639383,0.5266304758961924,0.5906454042714295,0.6154905234794308
2022-12-01,0.3729411764705882,0.5841991949826828,0.2448979591836734,0.5672748675691583,0.6902031742808744,0.3405053579353588,0.5953189971015163,0.9999999999999999,0.681456519704203,0.6993353926799588,0.6658242066835158,0.765889731348872,0.8734437891977909,0.974913413835065,0.20408163265306123,0.20408163265306123,0.1428571428571428,0.1428571428571428,0.1428571428571428,0.1428571428571428,0.5551500882872278,0.5449087698646262,0.5377280753384344,0.5263095938787523,0.513007651559741,0.5008828722778105,0.4915771251638507,0.414871378569231,0.3774083045400163,0.3254525606884786,0.5286988036455125,0.7228471373404541,0.43552453406206354,0.48037819926818376,0.4862543900125157,0.4877636472849202,0.5266304758961924,0.5906454042714295
2023-01-01,0.368235294117647,0.597584948048301,0.2448979591836734,0.5790464979399648,0.6951989795675249,0.2752529066138934,0.47633017220672913,0.0,0.5841991949826828,0.681456519704203,0.6993353926799588,0.6658242066835158,0.765889731348872,0.8734437891977909,0.2448979591836734,0.20408163265306123,0.20408163265306123,0.1428571428571428,0.1428571428571428,0.1428571428571428,0.5672748675691583,0.5551500882872278,0.5449087698646262,0.5377280753384344,0.5263095938787523,0.513007651559741,0.5953189971015163,0.4915771251638507,0.414871378569231,0.3774083045400163,0.3254525606884786,0.5286988036455125,0.44377124474124824,0.43552453406206354,0.4813781076941416,0.49521715267748295,0.4877636472849202,0.5266304758961924
2023-02-01,0.38294117647058823,0.5987082280258355,0.2448979591836734,0.5969393761035904,0.7008277806775824,0.24907976599783804,0.4831574069193505,0.09090909090909091,0.597584948048301,0.5841991949826828,0.681456519704203,0.6993353926799588,0.6658242066835158,0.765889731348872,0.2448979591836734,0.2448979591836734,0.20408163265306123,0.20408163265306123,0.1428571428571428,0.1428571428571428,0.5790464979399648,0.5672748675691583,0.5551500882872278,0.5449087698646262,0.5377280753384344,0.5263095938787523,0.47633017220672913,0.5953189971015163,0.4915771251638507,0.414871378569231,0.3774083045400163,0.3254525606884786,0.3591302992091287,0.44377124474124824,0.4366107544127935,0.49042594156995195,0.49521715267748295,0.4877636472849202
2023-03-01,0.38058823529411756,0.5598614621361041,0.2448979591836734,0.6474396703943497,0.7154899495990112,0.23288706882294125,0.5841060412064009,0.1818181818181818,0.5987082280258355,0.597584948048301,0.5841991949826828,0.681456519704203,0.6993353926799588,0.6658242066835158,0.2448979591836734,0.2448979591836734,0.2448979591836734,0.20408163265306123,0.20408163265306123,0.1428571428571428,0.5969393761035904,0.5790464979399648,0.5672748675691583,0.5551500882872278,0.5449087698646262,0.5377280753384344,0.4831574069193505,0.47633017220672913,0.5953189971015163,0.4915771251638507,0.414871378569231,0.3774083045400163,0.3251803199451421,0.3591302992091287,0.44484159594352646,0.4464395957654546,0.49042594156995195,0.49521715267748295
2023-04-01,0.30470588235294116,0.6201441542637837,0.30612244897959184,0.7022954679223072,0.726275714869755,0.262141535466524,0.5386576593648715,0.2727272727272727,0.5598614621361041,0.5987082280258355,0.597584948048301,0.5841991949826828,0.681456519704203,0.6993353926799588,0.2448979591836734,0.2448979591836734,0.2448979591836734,0.2448979591836734,0.20408163265306123,0.20408163265306123,0.6474396703943497,0.5969393761035904,0.5790464979399648,0.5672748675691583,0.5551500882872278,0.5449087698646262,0.5841060412064009,0.4831574069193505,0.47633017220672913,0.5953189971015163,0.4915771251638507,0.414871378569231,0.30417627838283406,0.3251803199451421,0.3603635250146269,0.454526842727711,0.4464395957654546,0.49042594156995195
2023-05-01,0.3123529411764705,0.5338388093232239,0.30612244897959184,0.7359623307828134,0.7334517817561614,0.2708944831066944,0.4978824047684246,0.36363636363636365,0.6201441542637837,0.5598614621361041,0.5987082280258355,0.597584948048301,0.5841991949826828,0.681456519704203,0.30612244897959184,0.2448979591836734,0.2448979591836734,0.2448979591836734,0.2448979591836734,0.20408163265306123,0.7022954679223072,0.6474396703943497,0.5969393761035904,0.5790464979399648,0.5672748675691583,0.5551500882872278,0.5386576593648715,0.5841060412064009,0.4831574069193505,0.47633017220672913,0.5953189971015163,0.4915771251638507,0.34212313965172486,0.30417627838283406,0.3264788757084661,0.371522569112911,0.454526842727711,0.4464395957654546
2023-06-01,0.3035294117647058,0.5262566694748666,0.30612244897959184,0.7650382577987049,0.7870750654869703,0.4220888051323129,1.0000000000000002,0.4545454545454545,0.5338388093232239,0.6201441542637837,0.5598614621361041,0.5987082280258355,0.597584948048301,0.5841991949826828,0.30612244897959184,0.30612244897959184,0.2448979591836734,0.2448979591836734,0.2448979591836734,0.2448979591836734,0.7359623307828134,0.7022954679223072,0.6474396703943497,0.5969393761035904,0.5790464979399648,0.5672748675691583,0.4978824047684246,0.5386576593648715,0.5841060412064009,0.4831574069193505,0.47633017220672913,0.5953189971015163,0.3534768550977136,0.34212313965172486,0.3055152522312109,0.3382290685461509,0.371522569112911,0.454526842727711
2023-07-01,0.268235294117647,0.5755873818215856,0.3877551020408163,0.785285462036492,0.8056595528524078,0.36645067789588787,0.6097275154246851,0.5454545454545454,0.5262566694748666,0.5338388093232239,0.6201441542637837,0.5598614621361041,0.5987082280258355,0.597584948048301,0.30612244897959184,0.30612244897959184,0.30612244897959184,0.2448979591836734,0.2448979591836734,0.2448979591836734,0.7650382577987049,0.7359623307828134,0.7022954679223072,0.6474396703943497,0.5969393761035904,0.5790464979399648,1.0000000000000002,0.4978824047684246,0.5386576593648715,0.5841060412064009,0.4831574069193505,0.47633017220672913,0.5495956232998569,0.3534768550977136,0.34338909234073534,0.31763117467937146,0.3382290685461509,0.371522569112911
2023-08-01,0.23588235294117646,0.6320322006926893,0.3877551020408163,0.8144791053560918,0.8244374384396694,0.3212583995964244,0.6081242247947197,0.6363636363636364,0.5755873818215856,0.5262566694748666,0.5338388093232239,0.6201441542637837,0.5598614621361041,0.5987082280258355,0.3877551020408163,0.30612244897959184,0.30612244897959184,0.30612244897959184,0.2448979591836734,0.2448979591836734,0.785285462036492,0.7650382577987049,0.7359623307828134,0.7022954679223072,0.6474396703943497,0.5969393761035904,0.6097275154246851,1.0000000000000002,0.4978824047684246,0.5386576593648715,0.5841060412064009,0.4831574069193505,0.4774257108818964,0.5495956232998569,0.3547209598278349,0.35484427096254806,0.31763117467937146,0.3382290685461509
2023-09-01,0.23882352941176468,0.7029860526069456,0.3877551020408163,0.8479105356091821,0.8372671273688087,0.3182035281966448,0.546025745561181,0.7272727272727273,0.6320322006926893,0.5755873818215856,0.5262566694748666,0.5338388093232239,0.6201441542637837,0.5598614621361041,0.3877551020408163,0.3877551020408163,0.30612244897959184,0.30612244897959184,0.30612244897959184,0.2448979591836734,0.8144791053560918,0.785285462036492,0.7650382577987049,0.7359623307828134,0.7022954679223072,0.6474396703943497,0.6081242247947197,0.6097275154246851,1.0000000000000002,0.4978824047684246,0.5386576593648715,0.5841060412064009,0.41880542783424696,0.4774257108818964,0.5504623366108005,0.3659784436433791,0.35484427096254806,0.31763117467937146
2023-10-01,0.24705882352941175,0.6737807731910511,0.3877551020408163,0.8788699234844026,0.8445345669386389,0.3133677070084711,0.4903228118934447,0.8181818181818182,0.7029860526069456,0.6320322006926893,0.5755873818215856,0.5262566694748666,0.5338388093232239,0.6201441542637837,0.3877551020408163,0.3877551020408163,0.3877551020408163,0.30612244897959184,0.30612244897959184,0.30612244897959184,0.8479105356091821,0.8144791053560918,0.785285462036492,0.7650382577987049,0.7359623307828134,0.7022954679223072,0.546025745561181,0.6081242247947197,0.6097275154246851,1.0000000000000002,0.4978824047684246,0.5386576593648715,0.41484286093415385,0.41880542783424696,0.47843130078236284,0.5583049328444101,0.3659784436433791,0.35484427096254806
2023-11-01,0.23999999999999996,0.6020780679584387,0.3877551020408163,0.9098293113596234,0.8579883755742014,0.29851235653213976,0.5496030330179502,0.9090909090909091,0.6737807731910511,0.7029860526069456,0.6320322006926893,0.5755873818215856,0.5262566694748666,0.5338388093232239,0.3877551020408163,0.3877551020408163,0.3877551020408163,0.3877551020408163,0.30612244897959184,0.30612244897959184,0.8788699234844026,0.8479105356091821,0.8144791053560918,0.785285462036492,0.7650382577987049,0.7359623307828134,0.4903228118934447,0.546025745561181,0.6081242247947197,0.6097275154246851,1.0000000000000002,0.4978824047684246,0.40857016972482546,0.41484286093415385,0.41992382076735923,0.48753054440349525,0.5583049328444101,0.3659784436433791
2023-12-01,0.23,0.5549939155667883,0.3877551020408163,0.9340788699234843,0.8766283892058792,0.2879170909815279,0.5974054818279922,0.9999999999999999,0.6020780679584387,0.6737807731910511,0.7029860526069456,0.6320322006926893,0.5755873818215856,0.5262566694748666,0.3877551020408163,0.3877551020408163,0.3877551020408163,0.3877551020408163,0.3877551020408163,0.30612244897959184,0.9098293113596234,0.8788699234844026,0.8479105356091821,0.8144791053560918,0.785285462036492,0.7650382577987049,0.5496030330179502,0.4903228118934447,0.546025745561181,0.6081242247947197,0.6097275154246851,1.0000000000000002,0.38930084136912463,0.40857016972482546,0.4159688790362376,0.43004378095970003,0.48753054440349525,0.5583049328444101
2024-01-01,0.2429411764705882,0.5744641018440513,0.5510204081632654,1.0,0.8866079647579689,0.2814886317153299,0.5131343460240064,0.0,0.5549939155667883,0.6020780679584387,0.6737807731910511,0.7029860526069456,0.6320322006926893,0.5755873818215856,0.3877551020408163,0.3877551020408163,0.3877551020408163,0.3877551020408163,0.3877551020408163,0.3877551020408163,0.9340788699234843,0.9098293113596234,0.8788699234844026,0.8479105356091821,0.8144791053560918,0.785285462036492,0.5974054818279922,0.5496030330179502,0.4903228118934447,0.546025745561181,0.6081242247947197,0.6097275154246851,0.37555739915038505,0.38930084136912463,0.40970825836895497,0.4261578368090943,0.43004378095970003,0.48753054440349525
2024-02-01,0.21117647058823527,0.6071328278573435,0.5510204081632654,0.90759270158917,0.8637437784897753,0.2117267882593793,0.20730141921438128,0.09090909090909091,0.5744641018440513,0.5549939155667883,0.6020780679584387,0.6737807731910511,0.7029860526069456,0.6320322006926893,0.5510204081632654,0.3877551020408163,0.3877551020408163,0.3877551020408163,0.3877551020408163,0.3877551020408163,1.0,0.9340788699234843,0.9098293113596234,0.8788699234844026,0.8479105356091821,0.8144791053560918,0.5131343460240064,0.5974054818279922,0.5496030330179502,0.4903228118934447,0.546025745561181,0.6081242247947197,0.3672188484969366,0.37555739915038505,0.3904760099890331,0.42000643840295687,0.4261578368090943,0.43004378095970003
2024-03-01,0.17529411764705885,0.6257605541514556,0.5918367346938774,0.737021777516186,0.8195127659751048,0.18527528198292254,0.0,0.1818181818181818,0.6071328278573435,0.5744641018440513,0.5549939155667883,0.6020780679584387,0.6737807731910511,0.7029860526069456,0.5510204081632654,0.5510204081632654,0.3877551020408163,0.3877551020408163,0.3877551020408163,0.3877551020408163,0.90759270158917,1.0,0.9340788699234843,0.9098293113596234,0.8788699234844026,0.8479105356091821,0.20730141921438128,0.5131343460240064,0.5974054818279922,0.5496030330179502,0.4903228118934447,0.546025745561181,0.2767286328407326,0.3672188484969366,0.37675901428130754,0.40110971420930913,0.42000643840295687,0.4261578368090943
2024-04-01,0.13411764705882354,0.6663858466722831,0.5918367346938774,0.6689817539729253,0.8266388020555931,0.200654421165537,0.4901650614168105,0.2727272727272727,0.6257605541514556,0.6071328278573435,0.5744641018440513,0.5549939155667883,0.6020780679584387,0.6737807731910511,0.5918367346938774,0.5510204081632654,0.5510204081632654,0.3877551020408163,0.3877551020408163,0.3877551020408163,0.737021777516186,0.90759270158917,1.0,0.9340788699234843,0.9098293113596234,0.8788699234844026,0.0,0.20730141921438128,0.5131343460240064,0.5974054818279922,0.5496030330179502,0.4903228118934447,0.24241757698540117,0.2767286328407326,0.36843650950400775,0.38763202405401004,0.40110971420930913,0.42000643840295687
2024-05-01,0.13999999999999999,0.5908452681830946,0.5918367346938774,0.6703943496174221,0.8289955780117632,0.17076712199408617,0.4427771373537611,0.36363636363636365,0.6663858466722831,0.6257605541514556,0.6071328278573435,0.5744641018440513,0.5549939155667883,0.6020780679584387,0.5918367346938774,0.5918367346938774,0.5510204081632654,0.5510204081632654,0.3877551020408163,0.3877551020408163,0.6689817539729253,0.737021777516186,0.90759270158917,1.0,0.9340788699234843,0.9098293113596234,0.4901650614168105,0.0,0.20730141921438128,0.5131343460240064,0.5974054818279922,0.5496030330179502,0.26236632765338336,0.24241757698540117,0.2781204242037164,0.37945471299447037,0.38763202405401004,0.40110971420930913
2024-06-01,0.20588235294117643,0.5956192080876158,0.5918367346938774,0.6429664508534434,0.8538593436649075,0.27997166720454014,0.6635127910837954,0.4545454545454545,0.5908452681830946,0.6663858466722831,0.6257605541514556,0.6071328278573435,0.5744641018440513,0.5549939155667883,0.5918367346938774,0.5918367346938774,0.5918367346938774,0.5510204081632654,0.5510204081632654,0.3877551020408163,0.6703943496174221,0.6689817539729253,0.737021777516186,0.90759270158917,1.0,0.9340788699234843,0.4427771373537611,0.4901650614168105,0.0,0.20730141921438128,0.5131343460240064,0.5974054818279922,0.2235986000041883,0.26236632765338336,0.2438753931260308,0.29071427451556037,0.37945471299447037,0.38763202405401004
2024-07-01,0.09352941176470583,0.6227651408780306,0.5918367346938774,0.6489699823425545,0.8623277289890704,0.21721768306574996,0.5007006142539311,0.5454545454545454,0.5956192080876158,0.5908452681830946,0.6663858466722831,0.6257605541514556,0.6071328278573435,0.5744641018440513,0.5918367346938774,0.5918367346938774,0.5918367346938774,0.5918367346938774,0.5510204081632654,0.5510204081632654,0.6429664508534434,0.6703943496174221,0.6689817539729253,0.737021777516186,0.90759270158917,1.0,0.6635127910837954,0.4427771373537611,0.4901650614168105,0.0,0.20730141921438128,0.5131343460240064,0.3652511475457591,0.2235986000041883,0.26378575640562374,0.2570666793673248,0.29071427451556037,0.37945471299447037
2024-08-01,0.09647058823529411,0.578114761771038,0.5918367346938774,0.642495585638611,0.8583614468624873,0.20490815838025828,0.38192677875050307,0.6363636363636364,0.6227651408780306,0.5956192080876158,0.5908452681830946,0.6663858466722831,0.6257605541514556,0.6071328278573435,0.5918367346938774,0.5918367346938774,0.5918367346938774,0.5918367346938774,0.5918367346938774,0.5510204081632654,0.6489699823425545,0.6429664508534434,0.6703943496174221,0.6689817539729253,0.737021777516186,0.90759270158917,0.5007006142539311,0.6635127910837954,0.4427771373537611,0.4901650614168105,0.0,0.20730141921438128,0.28385104002723066,0.3652511475457591,0.22509262950927822,0.27662968812518735,0.2570666793673248,0.29071427451556037
2024-09-01,0.04941176470588235,0.5185809229617149,0.5714285714285713,0.641082989994114,0.8538819455197918,0.27262466534822094,0.37689067913875507,0.7272727272727273,0.578114761771038,0.6227651408780306,0.5956192080876158,0.5908452681830946,0.6663858466722831,0.6257605541514556,0.5918367346938774,0.5918367346938774,0.5918367346938774,0.5918367346938774,0.5918367346938774,0.5918367346938774,0.642495585638611,0.6489699823425545,0.6429664508534434,0.6703943496174221,0.6689817539729253,0.737021777516186,0.38192677875050307,0.5007006142539311,0.6635127910837954,0.4427771373537611,0.4901650614168105,0.0,0.2678839799807334,0.28385104002723066,0.3664725950005083,0.23861159826350548,0.27662968812518735,0.2570666793673248
2024-10-01,0.0,0.5336515959936347,0.5714285714285713,0.641082989994114,0.8524959459984741,0.37157186150186633,0.4063315047386596,0.8181818181818182,0.5185809229617149,0.578114761771038,0.6227651408780306,0.5956192080876158,0.5908452681830946,0.6663858466722831,0.5714285714285713,0.5918367346938774,0.5918367346938774,0.5918367346938774,0.5918367346938774,0.5918367346938774,0.641082989994114,0.642495585638611,0.6489699823425545,0.6429664508534434,0.6703943496174221,0.6689817539729253,0.37689067913875507,0.38192677875050307,0.5007006142539311,0.6635127910837954,0.4427771373537611,0.4901650614168105,0.3557211272729341,0.2678839799807334,0.2852291257393952,0.3775250607780774,0.23861159826350548,0.27662968812518735
2024-11-01,0.001764705882352946,0.5216699428999344,0.5102040816326531,0.6434373160682756,0.8750261010578356,0.36124355974079553,0.6356434343859096,0.9090909090909091,0.5336515959936347,0.5185809229617149,0.578114761771038,0.6227651408780306,0.5956192080876158,0.5908452681830946,0.5714285714285713,0.5714285714285713,0.5918367346938774,0.5918367346938774,0.5918367346938774,0.5918367346938774,0.641082989994114,0.641082989994114,0.642495585638611,0.6489699823425545,0.6429664508534434,0.6703943496174221,0.4063315047386596,0.37689067913875507,0.38192677875050307,0.5007006142539311,0.6635127910837954,0.4427771373537611,0.48406855439007607,0.3557211272729341,0.26929279111253157,0.2976989582426551,0.3775250607780774,0.23861159826350548
2024-12-01,0.015882352941176486,0.5168960029954133,0.5102040816326531,0.6429664508534434,0.8747186114019364,0.41514928922487454,0.41671790853373303,0.9999999999999999,0.5216699428999344,0.5336515959936347,0.5185809229617149,0.578114761771038,0.6227651408780306,0.5956192080876158,0.5102040816326531,0.5714285714285713,0.5714285714285713,0.5918367346938774,0.5918367346938774,0.5918367346938774,0.6434373160682756,0.641082989994114,0.641082989994114,0.642495585638611,0.6489699823425545,0.6429664508534434,0.6356434343859096,0.4063315047386596,0.37689067913875507,0.38192677875050307,0.5007006142539311,0.6635127910837954,0.4706713990481049,0.48406855439007607,0.35696091334926716,0.2820406475681782,0.2976989582426551,0.3775250607780774
2025-01-01,0.032941176470588224,0.5661331086773378,0.44897959183673464,0.6433195997645673,0.8717945146548515,0.36572308903136846,0.39214985117604717,0.0,0.5168960029954133,0.5216699428999344,0.5336515959936347,0.5185809229617149,0.578114761771038,0.6227651408780306,0.5102040816326531,0.5102040816326531,0.5714285714285713,0.5714285714285713,0.5918367346938774,0.5918367346938774,0.6429664508534434,0.6434373160682756,0.641082989994114,0.641082989994114,0.642495585638611,0.6489699823425545,0.41671790853373303,0.6356434343859096,0.4063315047386596,0.37689067913875507,0.38192677875050307,0.5007006142539311,0.5405941654841633,0.4706713990481049,0.48506136146428935,0.3681793191242348,0.2820406475681782,0.2976989582426551
2025-02-01,0.04294117647058823,0.5318730693625386,0.44897959183673464,0.6422601530311949,0.8776391694306399,0.37149505922559284,0.4746302950138423,0.09090909090909091,0.5661331086773378,0.5168960029954133,0.5216699428999344,0.5336515959936347,0.5185809229617149,0.578114761771038,0.44897959183673464,0.5102040816326531,0.5102040816326531,0.5714285714285713,0.5714285714285713,0.5918367346938774,0.6433195997645673,0.6429664508534434,0.6434373160682756,0.641082989994114,0.641082989994114,0.642495585638611,0.39214985117604717,0.41671790853373303,0.6356434343859096,0.4063315047386596,0.37689067913875507,0.38192677875050307,0.4764819331662031,0.5405941654841633,0.47168998627336545,0.4940449376048804,0.3681793191242348,0.2820406475681782
2025-03-01,0.05294117647058824,0.5065056632032201,0.40816326530612246,0.6426133019423192,0.8801284727591677,0.4896398597671245,0.44291218888507383,0.1818181818181818,0.5318730693625386,0.5661331086773378,0.5168960029954133,0.5216699428999344,0.5336515959936347,0.5185809229617149,0.44897959183673464,0.44897959183673464,0.5102040816326531,0.5102040816326531,0.5714285714285713,0.5714285714285713,0.6422601530311949,0.6433195997645673,0.6429664508534434,0.6434373160682756,0.641082989994114,0.641082989994114,0.4746302950138423,0.39214985117604717,0.41671790853373303,0.6356434343859096,0.4063315047386596,0.37689067913875507,0.4839689318142009,0.4764819331662031,0.5414782003037564,0.480906838299941,0.4940449376048804,0.3681793191242348
2025-04-01,0.08176470588235296,0.46438266404568007,0.40816326530612246,0.6447321954090641,0.8954245771362607,0.46254502639440404,0.5624933393690383,0.2727272727272727,0.5065056632032201,0.5318730693625386,0.5661331086773378,0.5168960029954133,0.5216699428999344,0.5336515959936347,0.40816326530612246,0.44897959183673464,0.44897959183673464,0.5102040816326531,0.5102040816326531,0.5714285714285713,0.6426133019423192,0.6422601530311949,0.6433195997645673,0.6429664508534434,0.6434373160682756,0.641082989994114,0.44291218888507383,0.4746302950138423,0.39214985117604717,0.41671790853373303,0.6356434343859096,0.4063315047386596,0.6372181573225972,0.4839689318142009,0.4774893391784817,0.5494775330230981,0.480906838299941,0.4940449376048804
2025-05-01,0.06058823529411764,0.42815688477019564,0.346938775510204,0.6419070041200707,0.9125327204748449,0.5515138523807597,0.5771706422093745,0.36363636363636365,0.46438266404568007,0.5065056632032201,0.5318730693625386,0.5661331086773378,0.5168960029954133,0.5216699428999344,0.40816326530612246,0.40816326530612246,0.44897959183673464,0.44897959183673464,0.5102040816326531,0.5102040816326531,0.6447321954090641,0.6426133019423192,0.6422601530311949,0.6433195997645673,0.6429664508534434,0.6434373160682756,0.5624933393690383,0.44291218888507383,0.4746302950138423,0.39214985117604717,0.41671790853373303,0.6356434343859096,0.6020726222620949,0.6372181573225972,0.4849619305921743,0.4866050161824615,0.5494775330230981,0.480906838299941
2025-06-01,0.06470588235294117,0.4944304034447252,0.346938775510204,0.6416715715126544,0.9325316006056258,0.6222368095952213,0.6009391116196124,0.4545454545454545,0.42815688477019564,0.46438266404568007,0.5065056632032201,0.5318730693625386,0.5661331086773378,0.5168960029954133,0.346938775510204,0.40816326530612246,0.40816326530612246,0.44897959183673464,0.44897959183673464,0.5102040816326531,0.6419070041200707,0.6447321954090641,0.6426133019423192,0.6422601530311949,0.6433195997645673,0.6429664508534434,0.5771706422093745,0.5624933393690383,0.44291218888507383,0.4746302950138423,0.39214985117604717,0.41671790853373303,0.7174768009843515,0.6020726222620949,0.6379162585584707,0.4939472413953902,0.4866050161824615,0.5494775330230981
2025-07-01,0.08411764705882355,0.49068613685294404,0.3265306122448979,0.6415538552089466,0.9363503532832816,0.5956533901076353,0.45361341121285614,0.5454545454545454,0.4944304034447252,0.42815688477019564,0.46438266404568007,0.5065056632032201,0.5318730693625386,0.5661331086773378,0.346938775510204,0.346938775510204,0.40816326530612246,0.40816326530612246,0.44897959183673464,0.44897959183673464,0.6416715715126544,0.6419070041200707,0.6447321954090641,0.6426133019423192,0.6422601530311949,0.6433195997645673,0.6009391116196124,0.5771706422093745,0.5624933393690383,0.44291218888507383,0.4746302950138423,0.39214985117604717,0.809213706621343,0.7174768009843515,0.6028383540642616,0.6442331410316131,0.4939472413953902,0.4866050161824615
2025-08-01,0.10647058823529412,0.46091921744828235,0.3265306122448979,0.6415538552089466,0.9273163590504062,0.5856894288118208,0.33942099233786777,0.6363636363636364,0.49068613685294404,0.4944304034447252,0.42815688477019564,0.46438266404568007,0.5065056632032201,0.5318730693625386,0.3265306122448979,0.346938775510204,0.346938775510204,0.40816326530612246,0.40816326530612246,0.44897959183673464,0.6415538552089466,0.6416715715126544,0.6419070041200707,0.6447321954090641,0.6426133019423192,0.6422601530311949,0.45361341121285614,0.6009391116196124,0.5771706422093745,0.5624933393690383,0.44291218888507383,0.4746302950138423,0.7747315421150409,0.809213706621343,0.7180204604821371,0.6097672027063676,0.6442331410316131,0.4939472413953902
2025-09-01,0.10941176470588235,0.46213610409061123,0.30612244897959184,0.6415538552089466,0.9276002619754539,0.5565457545340498,0.42214427829309786,0.7272727272727273,0.46091921744828235,0.49068613685294404,0.4944304034447252,0.42815688477019564,0.46438266404568007,0.5065056632032201,0.3265306122448979,0.3265306122448979,0.346938775510204,0.346938775510204,0.40816326530612246,0.40816326530612246,0.6415538552089466,0.6415538552089466,0.6416715715126544,0.6419070041200707,0.6447321954090641,0.6426133019423192,0.33942099233786777,0.45361341121285614,0.6009391116196124,0.5771706422093745,0.5624933393690383,0.44291218888507383,0.7618069839069761,0.7747315421150409,0.8095808367572187,0.722939851791655,0.6097672027063676,0.6442331410316131
2025-10-01,0.10823529411764701,0.42984180473649736,0.30612244897959184,0.6415538552089466,0.9344527161339341,0.683367234086093,0.48090018984705846,0.8181818181818182,0.46213610409061123,0.46091921744828235,0.49068613685294404,0.4944304034447252,0.42815688477019564,0.46438266404568007,0.30612244897959184,0.3265306122448979,0.3265306122448979,0.346938775510204,0.346938775510204,0.40816326530612246,0.6415538552089466,0.6415538552089466,0.6415538552089466,0.6416715715126544,0.6419070041200707,0.6447321954090641,0.42214427829309786,0.33942099233786777,0.45361341121285614,0.6009391116196124,0.5771706422093745,0.5624933393690383,0.724003834796175,0.7618069839069761,0.7751650262930035,0.8129028734497525,0.722939851791655,0.6097672027063676
2025-11-01,0.10235294117647056,0.4229149115417018,0.2857142857142857,0.6443790464979398,0.9572244852297792,0.713202061757424,0.6220604161241261,0.9090909090909091,0.42984180473649736,0.46213610409061123,0.46091921744828235,0.49068613685294404,0.4944304034447252,0.42815688477019564,0.30612244897959184,0.30612244897959184,0.3265306122448979,0.3265306122448979,0.346938775510204,0.346938775510204,0.6415538552089466,0.6415538552089466,0.6415538552089466,0.6415538552089466,0.6416715715126544,0.6419070041200707,0.48090018984705846,0.42214427829309786,0.33942099233786777,0.45361341121285614,0.6009391116196124,0.5771706422093745,0.888507845383991,0.724003834796175,0.7622653388171442,0.7790874783177888,0.8129028734497525,0.722939851791655
2025-12-01,0.10411764705882351,0.41186932509594676,0.2857142857142857,0.6402589758681576,0.9796930632105939,0.7066416047430413,0.6154034295112844,0.9999999999999999,0.4229149115417018,0.42984180473649736,0.46213610409061123,0.46091921744828235,0.49068613685294404,0.4944304034447252,0.2857142857142857,0.30612244897959184,0.30612244897959184,0.3265306122448979,0.3265306122448979,0.346938775510204,0.6443790464979398,0.6415538552089466,0.6415538552089466,0.6415538552089466,0.6415538552089466,0.6416715715126544,0.6220604161241261,0.48090018984705846,0.42214427829309786,0.33942099233786777,0.45361341121285614,0.6009391116196124,0.9272075106494182,0.888507845383991,0.7245349343203495,0.7664128377037434,0.7790874783177888,0.8129028734497525
2026-01-01,0.09882352941176473,0.44706543105869134,0.26530612244897955,0.6389640965273691,0.9805385370917242,0.7078000574069572,0.4268304542627738,0.0,0.41186932509594676,0.4229149115417018,0.42984180473649736,0.46213610409061123,0.46091921744828235,0.49068613685294404,0.2857142857142857,0.2857142857142857,0.30612244897959184,0.30612244897959184,0.3265306122448979,0.3265306122448979,0.6402589758681576,0.6443790464979398,0.6415538552089466,0.6415538552089466,0.6415538552089466,0.6415538552089466,0.6154034295112844,0.6220604161241261,0.48090018984705846,0.42214427829309786,0.33942099233786777,0.45361341121285614,0.9186977416894051,0.9272075106494182,0.8887223897789179,0.7293406746676714,0.7664128377037434,0.7790874783177888
2026-02-01,0.09,0.4892820368810259,0.26530612244897955,0.6389640965273691,0.9999999999999999,1.0,0.5858235765260347,0.09090909090909091,0.44706543105869134,0.41186932509594676,0.4229149115417018,0.42984180473649736,0.46213610409061123,0.46091921744828235,0.26530612244897955,0.2857142857142857,0.2857142857142857,0.30612244897959184,0.30612244897959184,0.3265306122448979,0.6389640965273691,0.6402589758681576,0.6443790464979398,0.6415538552089466,0.6415538552089466,0.6415538552089466,0.4268304542627738,0.6154034295112844,0.6220604161241261,0.48090018984705846,0.42214427829309786,0.33942099233786777,0.9202004059854174,0.9186977416894051,0.927347585263966,0.8906637295995357,0.7293406746676714,0.7664128377037434
